row_index,is_query,coverage,identity_to_query,identity_denominator,sequence_header
0,True,1.0,1.0,122,101
1,False,0.9918032786885246,0.5041322314049587,121,UniRef100_V6AHI1	182	0.500	1.444E-49	0	121	122	42	162	163
2,False,0.9918032786885246,0.49586776859504134,121,UniRef100_UPI00188B8CD4	178	0.491	3.402E-48	0	121	122	0	120	121
3,False,0.9918032786885246,0.47107438016528924,121,UniRef100_A0A0A8RL30	174	0.467	8.019E-47	0	121	122	0	120	121
4,False,0.9918032786885246,0.49586776859504134,121,UniRef100_UPI0021F201A4	171	0.491	1.005E-45	0	121	122	0	120	121
5,False,0.8852459016393442,0.9814814814814815,108,UniRef100_UPI0012AC94D5	165	0.981	8.382E-44	14	121	122	0	107	108
6,False,0.9918032786885246,0.6694214876033058,121,UniRef100_UPI001CC572A7	145	0.663	1.148E-36	0	121	122	0	120	121
7,False,0.7786885245901639,0.3684210526315789,95,UniRef100_A0A976WYD0	143	0.368	4.065E-36	27	121	122	26	120	121
8,False,0.7786885245901639,0.3684210526315789,95,UniRef100_A0A2V4IE40	143	0.368	5.575E-36	27	121	122	162	256	257
9,False,0.7786885245901639,0.35789473684210527,95,UniRef100_UPI001304E7C4	140	0.357	5.093E-35	27	121	122	26	120	121
10,False,0.9918032786885246,0.48760330578512395,121,UniRef100_A0A977Z9F8	140	0.483	5.093E-35	0	121	122	0	120	121
11,False,0.9918032786885246,0.5537190082644629,121,UniRef100_UPI0007185E19	137	0.549	4.652E-34	0	121	122	0	120	121
12,False,0.9918032786885246,0.5371900826446281,121,UniRef100_UPI0011193578	137	0.532	6.382E-34	0	121	122	0	120	121
13,False,0.7868852459016393,0.3020833333333333,96,UniRef100_UPI002075993C	137	0.298	6.382E-34	25	120	122	24	120	122
14,False,0.9918032786885246,0.49586776859504134,121,UniRef100_UPI00046ABB51	136	0.491	8.753E-34	0	121	122	0	120	121
15,False,0.9918032786885246,0.5206611570247934,121,UniRef100_A0A2M8HCH8	135	0.516	2.259E-33	0	121	122	0	120	121
16,False,0.9918032786885246,0.5371900826446281,121,UniRef100_UPI0005A7C0DB	135	0.532	3.098E-33	0	121	122	0	120	121
17,False,0.9918032786885246,0.5289256198347108,121,UniRef100_UPI0005A90FDB	134	0.524	7.996E-33	0	121	122	0	120	121
18,False,0.9918032786885246,0.5371900826446281,121,UniRef100_Q5CCA2	134	0.532	7.996E-33	0	121	122	0	120	121
19,False,0.9918032786885246,0.5289256198347108,121,UniRef100_UPI0010263FCA	133	0.524	1.504E-32	0	121	122	0	120	121
20,False,0.9918032786885246,0.5371900826446281,121,UniRef100_UPI001115D744	132	0.532	2.830E-32	0	121	122	0	120	121
21,False,0.9918032786885246,0.4793388429752066,121,UniRef100_A0A1C0U9P7	132	0.475	3.882E-32	0	121	122	0	120	121
22,False,0.9918032786885246,0.5371900826446281,121,UniRef100_A0A3S4SWC6	131	0.532	5.325E-32	0	121	122	0	120	121
23,False,0.9918032786885246,0.4793388429752066,121,UniRef100_A0A423LHN4	131	0.475	5.325E-32	0	121	122	0	120	121
24,False,0.7950819672131147,0.3711340206185567,97,UniRef100_UPI0019443915	131	0.371	5.325E-32	25	121	122	24	120	121
25,False,0.9918032786885246,0.5289256198347108,121,UniRef100_UPI001C5B90E9	130	0.524	1.002E-31	0	121	122	0	120	121
26,False,0.7540983606557377,0.5,92,UniRef100_UPI00104A5438	128	0.500	4.864E-31	30	121	122	0	91	92
27,False,0.9918032786885246,0.5289256198347108,121,UniRef100_UPI001F43D0CF	128	0.524	4.864E-31	0	121	122	0	120	121
28,False,0.9918032786885246,0.5289256198347108,121,UniRef100_UPI0006817BC7	128	0.524	6.672E-31	0	121	122	0	120	121
29,False,0.9918032786885246,0.5206611570247934,121,UniRef100_UPI00051AE3DA	128	0.516	6.672E-31	0	121	122	0	120	121
30,False,0.9918032786885246,0.4793388429752066,121,UniRef100_A0A7X5K8M2	128	0.475	9.152E-31	0	121	122	0	120	121
31,False,0.9918032786885246,0.4793388429752066,121,UniRef100_B6VK31	127	0.475	1.722E-30	0	121	122	0	120	121
32,False,0.9918032786885246,0.5041322314049587,121,UniRef100_UPI0005F0A96B	127	0.500	1.722E-30	0	121	122	0	120	121
33,False,0.9918032786885246,0.48760330578512395,121,UniRef100_UPI00223EE0A4	127	0.483	1.722E-30	0	121	122	0	120	121
34,False,0.9344262295081968,0.49122807017543857,114,UniRef100_UPI001EED02FC	126	0.491	2.362E-30	8	121	122	1	114	115
35,False,0.7786885245901639,0.37894736842105264,95,UniRef100_A0A1H9KX26	126	0.378	4.443E-30	27	121	122	26	120	121
36,False,0.7704918032786885,0.35106382978723405,94,UniRef100_A0A2V4LG54	125	0.351	6.094E-30	28	121	122	27	120	121
37,False,0.7540983606557377,0.358695652173913,92,UniRef100_A0A0F7Y6D0	125	0.347	8.359E-30	27	121	122	26	117	118
38,False,0.9262295081967213,0.34513274336283184,113,UniRef100_UPI0018E6AAF5	125	0.330	8.359E-30	5	121	122	7	120	121
39,False,0.7786885245901639,0.3684210526315789,95,UniRef100_UPI00226593F5	124	0.368	1.573E-29	27	121	122	26	120	121
40,False,0.7950819672131147,0.3402061855670103,97,UniRef100_UPI001C3DF814	124	0.340	2.157E-29	25	121	122	24	120	121
41,False,0.8114754098360656,0.47474747474747475,99,UniRef100_UPI001FF07D8E	122	0.474	1.047E-28	23	121	122	9	107	108
42,False,0.7950819672131147,0.32989690721649484,97,UniRef100_A0A923GD61	121	0.329	1.436E-28	25	121	122	24	120	121
43,False,0.9918032786885246,0.512396694214876,121,UniRef100_UPI00038FE526	121	0.508	1.436E-28	0	121	122	0	120	121
44,False,0.7213114754098361,0.3409090909090909,88,UniRef100_UPI00138F26B6	121	0.340	1.970E-28	34	121	122	0	87	88
45,False,0.7213114754098361,0.32954545454545453,88,UniRef100_A0A8H9ZAB4	120	0.329	3.707E-28	34	121	122	0	87	88
46,False,0.819672131147541,0.47,100,UniRef100_UPI0012AE5622	120	0.470	3.707E-28	22	121	122	8	107	108
47,False,0.7868852459016393,0.5104166666666666,96,UniRef100_UPI001A9122A3	119	0.510	9.565E-28	26	121	122	12	107	108
48,False,0.9672131147540983,0.4915254237288136,118,UniRef100_UPI00232C71A4	118	0.491	1.799E-27	4	121	122	3	120	121
49,False,0.9344262295081968,0.4649122807017544,114,UniRef100_UPI001EEE0955	117	0.464	3.385E-27	8	121	122	1	114	115
50,False,0.7786885245901639,0.4421052631578947,95,UniRef100_UPI002363E2A7	117	0.442	4.643E-27	26	120	122	25	119	121
51,False,0.8852459016393442,0.4444444444444444,108,UniRef100_UPI001A994216	116	0.444	1.198E-26	14	121	122	0	107	108
52,False,0.7950819672131147,0.30927835051546393,97,UniRef100_A0A126S4A1	115	0.309	2.254E-26	25	121	122	24	120	121
53,False,0.8852459016393442,0.4537037037037037,108,UniRef100_UPI001A98850E	113	0.453	7.977E-26	14	121	122	0	107	108
54,False,0.7704918032786885,0.30851063829787234,94,UniRef100_A0A246H1D2	109	0.298	2.577E-24	25	121	122	24	117	118
55,False,0.5983606557377049,1.0,73,UniRef100_UPI002023BBAD	104	1.00	1.142E-22	49	121	122	4	76	77
56,False,0.6311475409836066,0.5584415584415584,77,UniRef100_UPI00053E2066	102	0.352	5.541E-22	0	121	122	0	76	77
57,False,0.6967213114754098,0.3058823529411765,85,UniRef100_A0A7W2JVT3	96	0.295	6.326E-20	34	121	122	0	84	85
58,False,0.7377049180327869,0.37777777777777777,90,UniRef100_UPI00235EB864	90	0.357	9.895E-18	28	121	122	27	117	118
59,False,0.9918032786885246,0.4132231404958678,121,UniRef100_A8T5K9	90	0.396	9.895E-18	0	121	122	0	124	125
60,False,0.9918032786885246,0.4049586776859504,121,UniRef100_UPI0005EE72BB	90	0.388	1.357E-17	0	121	122	0	124	125
61,False,0.9918032786885246,0.4049586776859504,121,UniRef100_A0A166JEZ9	89	0.388	2.551E-17	0	121	122	0	124	125
62,False,0.9918032786885246,0.3884297520661157,121,UniRef100_U3AXB0	88	0.373	4.797E-17	0	121	122	0	124	125
63,False,0.9918032786885246,0.39669421487603307,121,UniRef100_Q6QVR7	87	0.380	1.237E-16	0	121	122	0	124	125
64,False,0.819672131147541,0.37,100,UniRef100_UPI001F0170CE	86	0.349	2.325E-16	18	121	122	16	117	118
65,False,0.9918032786885246,0.4132231404958678,121,UniRef100_UPI00069FB173	86	0.396	3.188E-16	0	121	122	0	124	125
66,False,0.9918032786885246,0.3884297520661157,121,UniRef100_A0A2N7I0J9	85	0.373	4.371E-16	0	121	122	0	124	125
67,False,0.9918032786885246,0.3884297520661157,121,UniRef100_Q66PU0	83	0.373	2.118E-15	0	121	122	0	124	125
68,False,0.9918032786885246,0.371900826446281,121,UniRef100_E3BLV1	82	0.357	7.483E-15	0	121	122	0	124	125
69,False,0.9262295081967213,0.39823008849557523,113,UniRef100_A0A178JEX1	81	0.384	1.928E-14	9	121	122	8	124	125
70,False,0.9918032786885246,0.38016528925619836,121,UniRef100_UPI0015E052EC	81	0.365	1.928E-14	0	121	122	0	124	125
71,False,0.9918032786885246,0.38016528925619836,121,UniRef100_A0A9E6B2T1	80	0.365	3.624E-14	0	121	122	0	124	125
72,False,0.9262295081967213,0.37168141592920356,113,UniRef100_F9T798	80	0.358	3.624E-14	9	121	122	8	124	125
73,False,0.9918032786885246,0.371900826446281,121,UniRef100_A0A2K1CKA0	79	0.357	4.969E-14	0	121	122	0	124	125
74,False,0.9918032786885246,0.33884297520661155,121,UniRef100_UPI00148D1491	79	0.325	9.338E-14	0	121	122	0	124	125
75,False,0.9918032786885246,0.3305785123966942,121,UniRef100_A0A0G2UM33	78	0.317	1.280E-13	0	121	122	0	124	125
76,False,0.9918032786885246,0.38016528925619836,121,UniRef100_A0A5N8UVP6	76	0.365	6.196E-13	0	121	122	0	124	125
77,False,0.9918032786885246,0.35537190082644626,121,UniRef100_A0A0H3ZVF1	75	0.341	2.187E-12	0	121	122	0	124	125
78,False,0.9918032786885246,0.371900826446281,121,UniRef100_A0A1S6HYI8	69	0.357	1.804E-10	0	121	122	0	124	125
79,False,1.0,1.0,122,101
80,False,1.0,0.9918032786885246,122,A0A208S2R6	187	0.991	2.301E-51	0	121	122	0	121	122
81,False,0.9918032786885246,0.49586776859504134,121,3300011243.a:Ga0122782_100003_147	174	0.491	7.773E-47	0	121	122	0	120	122
82,False,0.9918032786885246,0.5041322314049587,121,V6AHI1	173	0.500	1.066E-46	0	121	122	42	162	163
83,False,0.9918032786885246,0.5371900826446281,121,MGYP000293558694	163	0.532	3.945E-43	0	121	122	3	123	124
84,False,0.9918032786885246,0.6611570247933884,121,A0A0S2SEN5	150	0.655	1.829E-38	0	121	122	0	120	121
85,False,0.9918032786885246,0.4049586776859504,121,A8T5K9	148	0.388	8.882E-38	0	121	122	0	124	125
86,False,0.9918032786885246,0.38016528925619836,121,A0A1B9PSC1	147	0.365	1.218E-37	0	121	122	0	124	125
87,False,0.9918032786885246,0.5041322314049587,121,A0A1C2LEI4	145	0.500	1.113E-36	0	121	122	0	120	121
88,False,0.9918032786885246,0.371900826446281,121,S5IW04	143	0.357	2.872E-36	0	121	122	0	124	125
89,False,0.9918032786885246,0.34710743801652894,121,3300008213.a:Ga0056110_100065_33	143	0.333	3.940E-36	0	121	122	0	124	126
90,False,0.9918032786885246,0.38016528925619836,121,A0A1E5EZC0	142	0.365	7.412E-36	0	121	122	0	124	125
91,False,0.9918032786885246,0.5041322314049587,121,N9U4T0	140	0.500	4.936E-35	0	121	122	0	120	121
92,False,0.9918032786885246,0.3884297520661157,121,MGYP000253230483	136	0.373	8.484E-34	0	121	122	0	124	125
93,False,0.9918032786885246,0.49586776859504134,121,A0A119A0Q7	136	0.491	1.164E-33	0	121	122	0	120	121
94,False,0.9918032786885246,0.48760330578512395,121,A0A2G0YLB0	136	0.483	1.596E-33	0	121	122	0	120	121
95,False,0.9262295081967213,0.3274336283185841,113,A0A061PM29	132	0.313	3.763E-32	0	113	122	0	116	134
96,False,0.7786885245901639,0.37894736842105264,95,A0A1H9KX26	129	0.378	2.506E-31	27	121	122	26	120	121
97,False,0.7786885245901639,0.3684210526315789,95,UniRef100_A0A2L0LZE2	129	0.368	3.437E-31	27	121	122	26	120	121
98,False,0.9918032786885246,0.3884297520661157,121,U3AXB0	128	0.373	4.715E-31	0	121	122	0	124	125
99,False,0.9918032786885246,0.4793388429752066,121,A0A1G5PYL3	128	0.475	6.467E-31	0	121	122	0	120	121
100,False,0.9918032786885246,0.47107438016528924,121,A0A1D9IKT5	125	0.467	5.907E-30	0	121	122	0	120	121
101,False,0.680327868852459,0.46987951807228917,83,MGYP000353203584	124	0.464	1.111E-29	0	83	122	0	82	101
102,False,0.9672131147540983,0.3305084745762712,118,UniRef100_UPI00056F2381	124	0.319	1.524E-29	4	121	122	6	127	128
103,False,0.6557377049180327,0.5,80,MGYP000207988590	120	0.500	3.593E-28	7	86	122	1	80	173
104,False,0.7950819672131147,0.30927835051546393,97,A0A1X1P3G4	118	0.309	1.744E-27	25	121	122	24	120	121
105,False,0.7950819672131147,0.30927835051546393,97,3300011535.a:Ga0121163_100049_44	118	0.309	1.744E-27	25	121	122	24	120	122
106,False,0.7540983606557377,0.358695652173913,92,A0A0F7Y6D0	113	0.347	1.060E-25	27	121	122	26	117	118
107,False,0.7704918032786885,0.30851063829787234,94,A0A246H1D2	98	0.298	1.264E-20	25	121	122	24	117	118
108,False,0.6721311475409836,0.32926829268292684,82,A0A0L6FUB6	98	0.329	1.734E-20	40	121	122	1	82	83
109,False,0.9918032786885246,0.38016528925619836,121,A0A1S6HYI8	95	0.365	1.581E-19	0	121	122	0	124	125
110,False,0.38524590163934425,0.5106382978723404,47,MGYP000098587298	72	0.500	1.926E-11	0	47	122	108	154	155
111,False,0.4016393442622951,0.40816326530612246,49,A0A227J6B1	53	0.377	9.484E-05	73	121	122	0	52	53
112,False,0.6475409836065574,0.34177215189873417,79,MGYP000229650168	52	0.325	1.775E-04	43	121	122	0	82	83
