path,exists,size_bytes,sha256
analysis/analysis_summary.md,True,4560,e88a1f0eeadef8eb9b644325337918784790fa64879f981d99bcaf408fe87ec9
analysis/casp15_structure_comparison_metrics.csv,True,921,592f5b30b8478e18a264b26ef613db6538be86a11765088afd12843cd49f38b1
docs/limitations.md,True,2637,58bd1585576e706eaa3e535daac206a03bf68b0545d2fc779b863b62fe4901d7
docs/methods.md,True,3260,a5f564bdcf0fb0ef7079b78e5546391720c69286cddcda71bfd729fa4054d34d
msa/easy_T1188/README.md,True,1457,746cd73ea89c739afc4cd48ccd8f7ee5313ff3a79f4982f21a7a30f888bc069c
msa/easy_T1188/T1188_Easy_Automatic_MMseqs2.a3m,True,8022884,9ab8d304be0b0db9500ff2ebdd00db0f313da3ef406396a6a8c7e913a415eb59
msa/easy_T1188/T1188_Easy_Custom_DeepMSA2.a3m,True,17554370,57c9636dc09812e31ce6ef0c471e66cf476ab20bdb2dda4e83ad17cb4364f6f3
msa/easy_T1188/T1188_Easy_Custom_HMMER.a3m,True,144519,6d13d71527b63e5968106857739495405183d2acaa9f9711410d1741351c2506
msa/hard_T1122/README.md,True,1326,e74c85abc0c73432d608cb353c63e0dfebf55c9fa4c0b7d3f26fb84ab96ca07c
msa/hard_T1122/T1122_Hard_Automatic_MMseqs2.a3m,True,810,9479c817bee195547cbd48ca3aedb426d9701651126c63b5742da9b75a81b88e
msa/hard_T1122/T1122_Hard_Custom_HMMER.a3m,True,251,4536cc48de6e53d0ccb1084ff469d866f1c46f04c0e0e9c82aff73b0656bc0e2
msa/moderate_T1106s1/README.md,True,1193,523ca9915eb49d31de1debfd8de0df8b6243f76303cf3a2b336fbd238ad87cab
msa/moderate_T1106s1/T1106s1_Moderate_Automatic_MMseqs2.a3m,True,21033,a473b62ea000cff71c5e3c90e688ff6db6e365e07e7ffadcb35118cc16ab6ce3
msa/moderate_T1106s1/T1106s1_Moderate_Custom_HMMER.a3m,True,24666,5170982ce2299de9a77530f6b80c56988a8f09f13236012af59dd3c983b6a12c
structures/experimental/7QIH.pdb,True,535624,5b0946e9aefef0339d94b543a444a2467114142a2494c83eb2d29af51c6771d1
structures/experimental/8BBT.pdb,True,496510,269c63583ae4f4a16986c92df5965c22e621d8298a323fc8d3b921bc0c970f99
structures/experimental/8C6Z.pdb,True,833530,52dae42ef56bd0bc648fc03a1bc4ee2f7cbb42c3caf8b34953794a7c50a6db03
structures/predicted/T1106s1_Moderate_Automatic_MMseqs2_rank1.pdb,True,79622,987fa28393fc5268d3581706caf619223b913f8bde04a246680229b934d778eb
structures/predicted/T1106s1_Moderate_Custom_HMMER_rank1.pdb,True,79622,6fb2ad1f5630c7cc3b1997a17464ac4ee876a332146f004edfc40de77f6a316c
structures/predicted/T1122_Hard_Automatic_MMseqs2_rank1.pdb,True,158424,bad5da9394d3409ee0410467e85832979d5990fe24a46fde3dcb30742d4cb41e
structures/predicted/T1122_Hard_Custom_HMMER_rank1.pdb,True,158424,487e73c46ff33d2c1cc3498713a87c795b25bd30bda699ec2d89627ac741eebf
structures/predicted/T1188_Easy_Automatic_MMseqs2_rank1.pdb,True,401308,51e20e6006396a970af16b55587bbfd1ec57738930c6c176f49ecb078e6e57dc
structures/predicted/T1188_Easy_Custom_DeepMSA2_rank1.pdb,True,401308,0807fbb48d9bf7e5c54838a8f5da5a21d169ce7fcb4ed31f65ee377df2bd1a0c
structures/predicted/T1188_Easy_Custom_HMMER_rank1.pdb,True,401308,841d6c71ecf0626d880be52228a4d18588692935844b5aa95e9d109d6c81f22c
targets/target_selection.md,True,3335,461247ddbac3b8d4c186fb458e5959d83532043be47aede3867334f35be738fd
targets/target_sequences.fasta,True,1063,3c9f4a046f52852db170c668485a9ebea4b098b7a11708df4c6b049c9de509c4
