target_position,query_residue,non_gap_coverage,canonical_coverage,gap_fraction,eligible_unordered_pairs,blosum62_sum,canonical_count,shannon_entropy_bits,shannon_entropy_normalized_log2_20,conservation_one_minus_normalized_entropy,consensus_fraction,non_query_canonical_count,non_query_shannon_entropy_bits,non_query_shannon_entropy_normalized_log2_20,non_query_conservation_one_minus_normalized_entropy,non_query_consensus_fraction
1,M,1.0,1.0,0.0,0,0.0,1,-0.0,-0.0,1.0,1.0,0,,,,
2,G,1.0,1.0,0.0,0,0.0,1,-0.0,-0.0,1.0,1.0,0,,,,
3,Y,1.0,1.0,0.0,0,0.0,1,-0.0,-0.0,1.0,1.0,0,,,,
4,L,1.0,1.0,0.0,0,0.0,1,-0.0,-0.0,1.0,1.0,0,,,,
5,C,1.0,1.0,0.0,0,0.0,1,-0.0,-0.0,1.0,1.0,0,,,,
6,N,1.0,1.0,0.0,0,0.0,1,-0.0,-0.0,1.0,1.0,0,,,,
7,D,1.0,1.0,0.0,0,0.0,1,-0.0,-0.0,1.0,1.0,0,,,,
8,Y,1.0,1.0,0.0,0,0.0,1,-0.0,-0.0,1.0,1.0,0,,,,
9,G,1.0,1.0,0.0,0,0.0,1,-0.0,-0.0,1.0,1.0,0,,,,
10,Y,1.0,1.0,0.0,0,0.0,1,-0.0,-0.0,1.0,1.0,0,,,,
11,E,1.0,1.0,0.0,0,0.0,1,-0.0,-0.0,1.0,1.0,0,,,,
12,P,1.0,1.0,0.0,0,0.0,1,-0.0,-0.0,1.0,1.0,0,,,,
13,N,1.0,1.0,0.0,0,0.0,1,-0.0,-0.0,1.0,1.0,0,,,,
14,V,1.0,1.0,0.0,0,0.0,1,-0.0,-0.0,1.0,1.0,0,,,,
15,D,1.0,1.0,0.0,0,0.0,1,-0.0,-0.0,1.0,1.0,0,,,,
16,Y,1.0,1.0,0.0,0,0.0,1,-0.0,-0.0,1.0,1.0,0,,,,
17,P,1.0,1.0,0.0,0,0.0,1,-0.0,-0.0,1.0,1.0,0,,,,
18,N,1.0,1.0,0.0,0,0.0,1,-0.0,-0.0,1.0,1.0,0,,,,
19,A,1.0,1.0,0.0,0,0.0,1,-0.0,-0.0,1.0,1.0,0,,,,
20,S,1.0,1.0,0.0,0,0.0,1,-0.0,-0.0,1.0,1.0,0,,,,
21,H,1.0,1.0,0.0,0,0.0,1,-0.0,-0.0,1.0,1.0,0,,,,
22,A,1.0,1.0,0.0,0,0.0,1,-0.0,-0.0,1.0,1.0,0,,,,
23,G,1.0,1.0,0.0,0,0.0,1,-0.0,-0.0,1.0,1.0,0,,,,
24,L,1.0,1.0,0.0,0,0.0,1,-0.0,-0.0,1.0,1.0,0,,,,
25,Y,1.0,1.0,0.0,0,0.0,1,-0.0,-0.0,1.0,1.0,0,,,,
26,D,1.0,1.0,0.0,0,0.0,1,-0.0,-0.0,1.0,1.0,0,,,,
27,R,1.0,1.0,0.0,0,0.0,1,-0.0,-0.0,1.0,1.0,0,,,,
28,S,1.0,1.0,0.0,0,0.0,1,-0.0,-0.0,1.0,1.0,0,,,,
29,K,1.0,1.0,0.0,0,0.0,1,-0.0,-0.0,1.0,1.0,0,,,,
30,Q,1.0,1.0,0.0,0,0.0,1,-0.0,-0.0,1.0,1.0,0,,,,
31,P,1.0,1.0,0.0,0,0.0,1,-0.0,-0.0,1.0,1.0,0,,,,
32,Y,1.0,1.0,0.0,0,0.0,1,-0.0,-0.0,1.0,1.0,0,,,,
33,V,1.0,1.0,0.0,0,0.0,1,-0.0,-0.0,1.0,1.0,0,,,,
34,D,1.0,1.0,0.0,0,0.0,1,-0.0,-0.0,1.0,1.0,0,,,,
35,T,1.0,1.0,0.0,0,0.0,1,-0.0,-0.0,1.0,1.0,0,,,,
36,A,1.0,1.0,0.0,0,0.0,1,-0.0,-0.0,1.0,1.0,0,,,,
37,I,1.0,1.0,0.0,0,0.0,1,-0.0,-0.0,1.0,1.0,0,,,,
38,G,1.0,1.0,0.0,0,0.0,1,-0.0,-0.0,1.0,1.0,0,,,,
39,P,1.0,1.0,0.0,0,0.0,1,-0.0,-0.0,1.0,1.0,0,,,,
40,K,1.0,1.0,0.0,0,0.0,1,-0.0,-0.0,1.0,1.0,0,,,,
41,T,1.0,1.0,0.0,0,0.0,1,-0.0,-0.0,1.0,1.0,0,,,,
42,T,1.0,1.0,0.0,0,0.0,1,-0.0,-0.0,1.0,1.0,0,,,,
43,I,1.0,1.0,0.0,0,0.0,1,-0.0,-0.0,1.0,1.0,0,,,,
44,Q,1.0,1.0,0.0,0,0.0,1,-0.0,-0.0,1.0,1.0,0,,,,
45,F,1.0,1.0,0.0,0,0.0,1,-0.0,-0.0,1.0,1.0,0,,,,
46,D,1.0,1.0,0.0,0,0.0,1,-0.0,-0.0,1.0,1.0,0,,,,
47,H,1.0,1.0,0.0,0,0.0,1,-0.0,-0.0,1.0,1.0,0,,,,
48,V,1.0,1.0,0.0,0,0.0,1,-0.0,-0.0,1.0,1.0,0,,,,
49,F,1.0,1.0,0.0,0,0.0,1,-0.0,-0.0,1.0,1.0,0,,,,
50,I,1.0,1.0,0.0,0,0.0,1,-0.0,-0.0,1.0,1.0,0,,,,
51,K,1.0,1.0,0.0,0,0.0,1,-0.0,-0.0,1.0,1.0,0,,,,
52,S,1.0,1.0,0.0,0,0.0,1,-0.0,-0.0,1.0,1.0,0,,,,
53,D,1.0,1.0,0.0,0,0.0,1,-0.0,-0.0,1.0,1.0,0,,,,
54,F,1.0,1.0,0.0,0,0.0,1,-0.0,-0.0,1.0,1.0,0,,,,
55,K,1.0,1.0,0.0,0,0.0,1,-0.0,-0.0,1.0,1.0,0,,,,
56,T,1.0,1.0,0.0,0,0.0,1,-0.0,-0.0,1.0,1.0,0,,,,
57,W,1.0,1.0,0.0,0,0.0,1,-0.0,-0.0,1.0,1.0,0,,,,
58,L,1.0,1.0,0.0,0,0.0,1,-0.0,-0.0,1.0,1.0,0,,,,
59,A,1.0,1.0,0.0,0,0.0,1,-0.0,-0.0,1.0,1.0,0,,,,
60,H,1.0,1.0,0.0,0,0.0,1,-0.0,-0.0,1.0,1.0,0,,,,
61,N,1.0,1.0,0.0,0,0.0,1,-0.0,-0.0,1.0,1.0,0,,,,
62,Q,1.0,1.0,0.0,0,0.0,1,-0.0,-0.0,1.0,1.0,0,,,,
63,D,1.0,1.0,0.0,0,0.0,1,-0.0,-0.0,1.0,1.0,0,,,,
64,E,1.0,1.0,0.0,0,0.0,1,-0.0,-0.0,1.0,1.0,0,,,,
65,A,1.0,1.0,0.0,0,0.0,1,-0.0,-0.0,1.0,1.0,0,,,,
66,I,1.0,1.0,0.0,0,0.0,1,-0.0,-0.0,1.0,1.0,0,,,,
67,L,1.0,1.0,0.0,0,0.0,1,-0.0,-0.0,1.0,1.0,0,,,,
68,L,1.0,1.0,0.0,0,0.0,1,-0.0,-0.0,1.0,1.0,0,,,,
69,I,1.0,1.0,0.0,0,0.0,1,-0.0,-0.0,1.0,1.0,0,,,,
70,R,1.0,1.0,0.0,0,0.0,1,-0.0,-0.0,1.0,1.0,0,,,,
71,L,1.0,1.0,0.0,0,0.0,1,-0.0,-0.0,1.0,1.0,0,,,,
72,Y,1.0,1.0,0.0,0,0.0,1,-0.0,-0.0,1.0,1.0,0,,,,
73,E,1.0,1.0,0.0,0,0.0,1,-0.0,-0.0,1.0,1.0,0,,,,
74,L,1.0,1.0,0.0,0,0.0,1,-0.0,-0.0,1.0,1.0,0,,,,
75,G,1.0,1.0,0.0,0,0.0,1,-0.0,-0.0,1.0,1.0,0,,,,
76,L,1.0,1.0,0.0,0,0.0,1,-0.0,-0.0,1.0,1.0,0,,,,
77,L,1.0,1.0,0.0,0,0.0,1,-0.0,-0.0,1.0,1.0,0,,,,
78,L,1.0,1.0,0.0,0,0.0,1,-0.0,-0.0,1.0,1.0,0,,,,
79,Q,1.0,1.0,0.0,0,0.0,1,-0.0,-0.0,1.0,1.0,0,,,,
80,G,1.0,1.0,0.0,0,0.0,1,-0.0,-0.0,1.0,1.0,0,,,,
81,R,1.0,1.0,0.0,0,0.0,1,-0.0,-0.0,1.0,1.0,0,,,,
82,S,1.0,1.0,0.0,0,0.0,1,-0.0,-0.0,1.0,1.0,0,,,,
83,D,1.0,1.0,0.0,0,0.0,1,-0.0,-0.0,1.0,1.0,0,,,,
84,S,1.0,1.0,0.0,0,0.0,1,-0.0,-0.0,1.0,1.0,0,,,,
85,F,1.0,1.0,0.0,0,0.0,1,-0.0,-0.0,1.0,1.0,0,,,,
86,L,1.0,1.0,0.0,0,0.0,1,-0.0,-0.0,1.0,1.0,0,,,,
87,E,1.0,1.0,0.0,0,0.0,1,-0.0,-0.0,1.0,1.0,0,,,,
88,F,1.0,1.0,0.0,0,0.0,1,-0.0,-0.0,1.0,1.0,0,,,,
89,Y,1.0,1.0,0.0,0,0.0,1,-0.0,-0.0,1.0,1.0,0,,,,
90,N,1.0,1.0,0.0,0,0.0,1,-0.0,-0.0,1.0,1.0,0,,,,
91,N,1.0,1.0,0.0,0,0.0,1,-0.0,-0.0,1.0,1.0,0,,,,
92,T,1.0,1.0,0.0,0,0.0,1,-0.0,-0.0,1.0,1.0,0,,,,
93,T,1.0,1.0,0.0,0,0.0,1,-0.0,-0.0,1.0,1.0,0,,,,
94,Y,1.0,1.0,0.0,0,0.0,1,-0.0,-0.0,1.0,1.0,0,,,,
95,I,1.0,1.0,0.0,0,0.0,1,-0.0,-0.0,1.0,1.0,0,,,,
96,T,1.0,1.0,0.0,0,0.0,1,-0.0,-0.0,1.0,1.0,0,,,,
97,R,1.0,1.0,0.0,0,0.0,1,-0.0,-0.0,1.0,1.0,0,,,,
98,T,1.0,1.0,0.0,0,0.0,1,-0.0,-0.0,1.0,1.0,0,,,,
99,D,1.0,1.0,0.0,0,0.0,1,-0.0,-0.0,1.0,1.0,0,,,,
100,S,1.0,1.0,0.0,0,0.0,1,-0.0,-0.0,1.0,1.0,0,,,,
101,K,1.0,1.0,0.0,0,0.0,1,-0.0,-0.0,1.0,1.0,0,,,,
102,Q,1.0,1.0,0.0,0,0.0,1,-0.0,-0.0,1.0,1.0,0,,,,
103,P,1.0,1.0,0.0,0,0.0,1,-0.0,-0.0,1.0,1.0,0,,,,
104,F,1.0,1.0,0.0,0,0.0,1,-0.0,-0.0,1.0,1.0,0,,,,
105,L,1.0,1.0,0.0,0,0.0,1,-0.0,-0.0,1.0,1.0,0,,,,
106,N,1.0,1.0,0.0,0,0.0,1,-0.0,-0.0,1.0,1.0,0,,,,
107,K,1.0,1.0,0.0,0,0.0,1,-0.0,-0.0,1.0,1.0,0,,,,
108,Y,1.0,1.0,0.0,0,0.0,1,-0.0,-0.0,1.0,1.0,0,,,,
109,G,1.0,1.0,0.0,0,0.0,1,-0.0,-0.0,1.0,1.0,0,,,,
110,K,1.0,1.0,0.0,0,0.0,1,-0.0,-0.0,1.0,1.0,0,,,,
111,L,1.0,1.0,0.0,0,0.0,1,-0.0,-0.0,1.0,1.0,0,,,,
112,V,1.0,1.0,0.0,0,0.0,1,-0.0,-0.0,1.0,1.0,0,,,,
113,D,1.0,1.0,0.0,0,0.0,1,-0.0,-0.0,1.0,1.0,0,,,,
114,T,1.0,1.0,0.0,0,0.0,1,-0.0,-0.0,1.0,1.0,0,,,,
115,T,1.0,1.0,0.0,0,0.0,1,-0.0,-0.0,1.0,1.0,0,,,,
116,S,1.0,1.0,0.0,0,0.0,1,-0.0,-0.0,1.0,1.0,0,,,,
117,V,1.0,1.0,0.0,0,0.0,1,-0.0,-0.0,1.0,1.0,0,,,,
118,T,1.0,1.0,0.0,0,0.0,1,-0.0,-0.0,1.0,1.0,0,,,,
119,C,1.0,1.0,0.0,0,0.0,1,-0.0,-0.0,1.0,1.0,0,,,,
120,L,1.0,1.0,0.0,0,0.0,1,-0.0,-0.0,1.0,1.0,0,,,,
121,D,1.0,1.0,0.0,0,0.0,1,-0.0,-0.0,1.0,1.0,0,,,,
122,I,1.0,1.0,0.0,0,0.0,1,-0.0,-0.0,1.0,1.0,0,,,,
123,F,1.0,1.0,0.0,0,0.0,1,-0.0,-0.0,1.0,1.0,0,,,,
124,L,1.0,1.0,0.0,0,0.0,1,-0.0,-0.0,1.0,1.0,0,,,,
125,S,1.0,1.0,0.0,0,0.0,1,-0.0,-0.0,1.0,1.0,0,,,,
126,V,1.0,1.0,0.0,0,0.0,1,-0.0,-0.0,1.0,1.0,0,,,,
127,V,1.0,1.0,0.0,0,0.0,1,-0.0,-0.0,1.0,1.0,0,,,,
128,L,1.0,1.0,0.0,0,0.0,1,-0.0,-0.0,1.0,1.0,0,,,,
129,F,1.0,1.0,0.0,0,0.0,1,-0.0,-0.0,1.0,1.0,0,,,,
130,A,1.0,1.0,0.0,0,0.0,1,-0.0,-0.0,1.0,1.0,0,,,,
131,L,1.0,1.0,0.0,0,0.0,1,-0.0,-0.0,1.0,1.0,0,,,,
132,N,1.0,1.0,0.0,0,0.0,1,-0.0,-0.0,1.0,1.0,0,,,,
133,Q,1.0,1.0,0.0,0,0.0,1,-0.0,-0.0,1.0,1.0,0,,,,
134,I,1.0,1.0,0.0,0,0.0,1,-0.0,-0.0,1.0,1.0,0,,,,
135,D,1.0,1.0,0.0,0,0.0,1,-0.0,-0.0,1.0,1.0,0,,,,
136,S,1.0,1.0,0.0,0,0.0,1,-0.0,-0.0,1.0,1.0,0,,,,
137,L,1.0,1.0,0.0,0,0.0,1,-0.0,-0.0,1.0,1.0,0,,,,
138,I,1.0,1.0,0.0,0,0.0,1,-0.0,-0.0,1.0,1.0,0,,,,
139,C,1.0,1.0,0.0,0,0.0,1,-0.0,-0.0,1.0,1.0,0,,,,
140,D,1.0,1.0,0.0,0,0.0,1,-0.0,-0.0,1.0,1.0,0,,,,
141,F,1.0,1.0,0.0,0,0.0,1,-0.0,-0.0,1.0,1.0,0,,,,
142,K,1.0,1.0,0.0,0,0.0,1,-0.0,-0.0,1.0,1.0,0,,,,
143,N,1.0,1.0,0.0,0,0.0,1,-0.0,-0.0,1.0,1.0,0,,,,
144,T,1.0,1.0,0.0,0,0.0,1,-0.0,-0.0,1.0,1.0,0,,,,
145,P,1.0,1.0,0.0,0,0.0,1,-0.0,-0.0,1.0,1.0,0,,,,
146,W,1.0,1.0,0.0,0,0.0,1,-0.0,-0.0,1.0,1.0,0,,,,
147,I,1.0,1.0,0.0,0,0.0,1,-0.0,-0.0,1.0,1.0,0,,,,
148,N,1.0,1.0,0.0,0,0.0,1,-0.0,-0.0,1.0,1.0,0,,,,
149,L,1.0,1.0,0.0,0,0.0,1,-0.0,-0.0,1.0,1.0,0,,,,
150,S,1.0,1.0,0.0,0,0.0,1,-0.0,-0.0,1.0,1.0,0,,,,
151,K,1.0,1.0,0.0,0,0.0,1,-0.0,-0.0,1.0,1.0,0,,,,
152,E,1.0,1.0,0.0,0,0.0,1,-0.0,-0.0,1.0,1.0,0,,,,
153,H,1.0,1.0,0.0,0,0.0,1,-0.0,-0.0,1.0,1.0,0,,,,
154,K,1.0,1.0,0.0,0,0.0,1,-0.0,-0.0,1.0,1.0,0,,,,
155,K,1.0,1.0,0.0,0,0.0,1,-0.0,-0.0,1.0,1.0,0,,,,
156,I,1.0,1.0,0.0,0,0.0,1,-0.0,-0.0,1.0,1.0,0,,,,
157,Y,1.0,1.0,0.0,0,0.0,1,-0.0,-0.0,1.0,1.0,0,,,,
158,E,1.0,1.0,0.0,0,0.0,1,-0.0,-0.0,1.0,1.0,0,,,,
159,L,1.0,1.0,0.0,0,0.0,1,-0.0,-0.0,1.0,1.0,0,,,,
160,V,1.0,1.0,0.0,0,0.0,1,-0.0,-0.0,1.0,1.0,0,,,,
161,R,1.0,1.0,0.0,0,0.0,1,-0.0,-0.0,1.0,1.0,0,,,,
162,G,1.0,1.0,0.0,0,0.0,1,-0.0,-0.0,1.0,1.0,0,,,,
163,I,1.0,1.0,0.0,0,0.0,1,-0.0,-0.0,1.0,1.0,0,,,,
164,F,1.0,1.0,0.0,0,0.0,1,-0.0,-0.0,1.0,1.0,0,,,,
165,G,1.0,1.0,0.0,0,0.0,1,-0.0,-0.0,1.0,1.0,0,,,,
166,I,1.0,1.0,0.0,0,0.0,1,-0.0,-0.0,1.0,1.0,0,,,,
167,C,1.0,1.0,0.0,0,0.0,1,-0.0,-0.0,1.0,1.0,0,,,,
168,Y,1.0,1.0,0.0,0,0.0,1,-0.0,-0.0,1.0,1.0,0,,,,
169,G,1.0,1.0,0.0,0,0.0,1,-0.0,-0.0,1.0,1.0,0,,,,
170,E,1.0,1.0,0.0,0,0.0,1,-0.0,-0.0,1.0,1.0,0,,,,
171,K,1.0,1.0,0.0,0,0.0,1,-0.0,-0.0,1.0,1.0,0,,,,
172,D,1.0,1.0,0.0,0,0.0,1,-0.0,-0.0,1.0,1.0,0,,,,
173,Y,1.0,1.0,0.0,0,0.0,1,-0.0,-0.0,1.0,1.0,0,,,,
174,N,1.0,1.0,0.0,0,0.0,1,-0.0,-0.0,1.0,1.0,0,,,,
175,R,1.0,1.0,0.0,0,0.0,1,-0.0,-0.0,1.0,1.0,0,,,,
176,F,1.0,1.0,0.0,0,0.0,1,-0.0,-0.0,1.0,1.0,0,,,,
177,E,1.0,1.0,0.0,0,0.0,1,-0.0,-0.0,1.0,1.0,0,,,,
178,Y,1.0,1.0,0.0,0,0.0,1,-0.0,-0.0,1.0,1.0,0,,,,
179,C,1.0,1.0,0.0,0,0.0,1,-0.0,-0.0,1.0,1.0,0,,,,
180,P,1.0,1.0,0.0,0,0.0,1,-0.0,-0.0,1.0,1.0,0,,,,
181,F,1.0,1.0,0.0,0,0.0,1,-0.0,-0.0,1.0,1.0,0,,,,
182,D,1.0,1.0,0.0,0,0.0,1,-0.0,-0.0,1.0,1.0,0,,,,
183,A,1.0,1.0,0.0,0,0.0,1,-0.0,-0.0,1.0,1.0,0,,,,
184,N,1.0,1.0,0.0,0,0.0,1,-0.0,-0.0,1.0,1.0,0,,,,
185,S,1.0,1.0,0.0,0,0.0,1,-0.0,-0.0,1.0,1.0,0,,,,
186,T,1.0,1.0,0.0,0,0.0,1,-0.0,-0.0,1.0,1.0,0,,,,
187,A,1.0,1.0,0.0,0,0.0,1,-0.0,-0.0,1.0,1.0,0,,,,
188,S,1.0,1.0,0.0,0,0.0,1,-0.0,-0.0,1.0,1.0,0,,,,
189,A,1.0,1.0,0.0,0,0.0,1,-0.0,-0.0,1.0,1.0,0,,,,
190,L,1.0,1.0,0.0,0,0.0,1,-0.0,-0.0,1.0,1.0,0,,,,
191,N,1.0,1.0,0.0,0,0.0,1,-0.0,-0.0,1.0,1.0,0,,,,
192,V,1.0,1.0,0.0,0,0.0,1,-0.0,-0.0,1.0,1.0,0,,,,
193,N,1.0,1.0,0.0,0,0.0,1,-0.0,-0.0,1.0,1.0,0,,,,
194,A,1.0,1.0,0.0,0,0.0,1,-0.0,-0.0,1.0,1.0,0,,,,
195,T,1.0,1.0,0.0,0,0.0,1,-0.0,-0.0,1.0,1.0,0,,,,
196,L,1.0,1.0,0.0,0,0.0,1,-0.0,-0.0,1.0,1.0,0,,,,
197,N,1.0,1.0,0.0,0,0.0,1,-0.0,-0.0,1.0,1.0,0,,,,
198,A,1.0,1.0,0.0,0,0.0,1,-0.0,-0.0,1.0,1.0,0,,,,
199,K,1.0,1.0,0.0,0,0.0,1,-0.0,-0.0,1.0,1.0,0,,,,
200,K,1.0,1.0,0.0,0,0.0,1,-0.0,-0.0,1.0,1.0,0,,,,
201,T,1.0,1.0,0.0,0,0.0,1,-0.0,-0.0,1.0,1.0,0,,,,
202,I,1.0,1.0,0.0,0,0.0,1,-0.0,-0.0,1.0,1.0,0,,,,
203,E,1.0,1.0,0.0,0,0.0,1,-0.0,-0.0,1.0,1.0,0,,,,
204,L,1.0,1.0,0.0,0,0.0,1,-0.0,-0.0,1.0,1.0,0,,,,
205,I,1.0,1.0,0.0,0,0.0,1,-0.0,-0.0,1.0,1.0,0,,,,
206,T,1.0,1.0,0.0,0,0.0,1,-0.0,-0.0,1.0,1.0,0,,,,
207,C,1.0,1.0,0.0,0,0.0,1,-0.0,-0.0,1.0,1.0,0,,,,
208,G,1.0,1.0,0.0,0,0.0,1,-0.0,-0.0,1.0,1.0,0,,,,
209,L,1.0,1.0,0.0,0,0.0,1,-0.0,-0.0,1.0,1.0,0,,,,
210,I,1.0,1.0,0.0,0,0.0,1,-0.0,-0.0,1.0,1.0,0,,,,
211,R,1.0,1.0,0.0,0,0.0,1,-0.0,-0.0,1.0,1.0,0,,,,
212,A,1.0,1.0,0.0,0,0.0,1,-0.0,-0.0,1.0,1.0,0,,,,
213,L,1.0,1.0,0.0,0,0.0,1,-0.0,-0.0,1.0,1.0,0,,,,
214,I,1.0,1.0,0.0,0,0.0,1,-0.0,-0.0,1.0,1.0,0,,,,
215,A,1.0,1.0,0.0,0,0.0,1,-0.0,-0.0,1.0,1.0,0,,,,
216,Y,1.0,1.0,0.0,0,0.0,1,-0.0,-0.0,1.0,1.0,0,,,,
217,A,1.0,1.0,0.0,0,0.0,1,-0.0,-0.0,1.0,1.0,0,,,,
218,N,1.0,1.0,0.0,0,0.0,1,-0.0,-0.0,1.0,1.0,0,,,,
219,L,1.0,1.0,0.0,0,0.0,1,-0.0,-0.0,1.0,1.0,0,,,,
220,V,1.0,1.0,0.0,0,0.0,1,-0.0,-0.0,1.0,1.0,0,,,,
221,T,1.0,1.0,0.0,0,0.0,1,-0.0,-0.0,1.0,1.0,0,,,,
222,A,1.0,1.0,0.0,0,0.0,1,-0.0,-0.0,1.0,1.0,0,,,,
223,F,1.0,1.0,0.0,0,0.0,1,-0.0,-0.0,1.0,1.0,0,,,,
224,S,1.0,1.0,0.0,0,0.0,1,-0.0,-0.0,1.0,1.0,0,,,,
225,A,1.0,1.0,0.0,0,0.0,1,-0.0,-0.0,1.0,1.0,0,,,,
226,D,1.0,1.0,0.0,0,0.0,1,-0.0,-0.0,1.0,1.0,0,,,,
227,K,1.0,1.0,0.0,0,0.0,1,-0.0,-0.0,1.0,1.0,0,,,,
228,T,1.0,1.0,0.0,0,0.0,1,-0.0,-0.0,1.0,1.0,0,,,,
229,A,1.0,1.0,0.0,0,0.0,1,-0.0,-0.0,1.0,1.0,0,,,,
230,L,1.0,1.0,0.0,0,0.0,1,-0.0,-0.0,1.0,1.0,0,,,,
231,L,1.0,1.0,0.0,0,0.0,1,-0.0,-0.0,1.0,1.0,0,,,,
232,H,1.0,1.0,0.0,0,0.0,1,-0.0,-0.0,1.0,1.0,0,,,,
233,E,1.0,1.0,0.0,0,0.0,1,-0.0,-0.0,1.0,1.0,0,,,,
234,I,1.0,1.0,0.0,0,0.0,1,-0.0,-0.0,1.0,1.0,0,,,,
235,L,1.0,1.0,0.0,0,0.0,1,-0.0,-0.0,1.0,1.0,0,,,,
236,L,1.0,1.0,0.0,0,0.0,1,-0.0,-0.0,1.0,1.0,0,,,,
237,T,1.0,1.0,0.0,0,0.0,1,-0.0,-0.0,1.0,1.0,0,,,,
238,K,1.0,1.0,0.0,0,0.0,1,-0.0,-0.0,1.0,1.0,0,,,,
239,V,1.0,1.0,0.0,0,0.0,1,-0.0,-0.0,1.0,1.0,0,,,,
240,C,1.0,1.0,0.0,0,0.0,1,-0.0,-0.0,1.0,1.0,0,,,,
241,C,1.0,1.0,0.0,0,0.0,1,-0.0,-0.0,1.0,1.0,0,,,,
