target_position,target_residue,in_frozen_mask,reference_chain,reference_residue_id,reference_resname,reference_altloc,Automatic_MMseqs2_chain,Automatic_MMseqs2_residue_id,Automatic_MMseqs2_resname,Automatic_MMseqs2_altloc,Custom_HMMER_chain,Custom_HMMER_residue_id,Custom_HMMER_resname,Custom_HMMER_altloc,Custom_DeepMSA2_chain,Custom_DeepMSA2_residue_id,Custom_DeepMSA2_resname,Custom_DeepMSA2_altloc
1,M,False,,,,,A,1,MET,,A,1,MET,,A,1,MET,
2,N,False,,,,,A,2,ASN,,A,2,ASN,,A,2,ASN,
3,T,False,,,,,A,3,THR,,A,3,THR,,A,3,THR,
4,I,False,,,,,A,4,ILE,,A,4,ILE,,A,4,ILE,
5,S,False,,,,,A,5,SER,,A,5,SER,,A,5,SER,
6,V,False,,,,,A,6,VAL,,A,6,VAL,,A,6,VAL,
7,K,False,,,,,A,7,LYS,,A,7,LYS,,A,7,LYS,
8,A,False,,,,,A,8,ALA,,A,8,ALA,,A,8,ALA,
9,M,False,,,,,A,9,MET,,A,9,MET,,A,9,MET,
10,S,False,,,,,A,10,SER,,A,10,SER,,A,10,SER,
11,K,False,,,,,A,11,LYS,,A,11,LYS,,A,11,LYS,
12,S,False,,,,,A,12,SER,,A,12,SER,,A,12,SER,
13,S,False,,,,,A,13,SER,,A,13,SER,,A,13,SER,
14,D,False,,,,,A,14,ASP,,A,14,ASP,,A,14,ASP,
15,T,False,,,,,A,15,THR,,A,15,THR,,A,15,THR,
16,T,False,,,,,A,16,THR,,A,16,THR,,A,16,THR,
17,E,False,,,,,A,17,GLU,,A,17,GLU,,A,17,GLU,
18,I,False,,,,,A,18,ILE,,A,18,ILE,,A,18,ILE,
19,T,False,,,,,A,19,THR,,A,19,THR,,A,19,THR,
20,S,False,,,,,A,20,SER,,A,20,SER,,A,20,SER,
21,Q,False,,,,,A,21,GLN,,A,21,GLN,,A,21,GLN,
22,S,False,,,,,A,22,SER,,A,22,SER,,A,22,SER,
23,T,False,,,,,A,23,THR,,A,23,THR,,A,23,THR,
24,T,False,,,,,A,24,THR,,A,24,THR,,A,24,THR,
25,K,True,A,25,LYS,,A,25,LYS,,A,25,LYS,,A,25,LYS,
26,L,True,A,26,LEU,,A,26,LEU,,A,26,LEU,,A,26,LEU,
27,R,True,A,27,ARG,,A,27,ARG,,A,27,ARG,,A,27,ARG,
28,N,True,A,28,ASN,,A,28,ASN,,A,28,ASN,,A,28,ASN,
29,V,True,A,29,VAL,,A,29,VAL,,A,29,VAL,,A,29,VAL,
30,M,True,A,30,MET,,A,30,MET,,A,30,MET,,A,30,MET,
31,Y,True,A,31,TYR,,A,31,TYR,,A,31,TYR,,A,31,TYR,
32,Y,True,A,32,TYR,,A,32,TYR,,A,32,TYR,,A,32,TYR,
33,G,True,A,33,GLY,,A,33,GLY,,A,33,GLY,,A,33,GLY,
34,D,True,A,34,ASP,,A,34,ASP,,A,34,ASP,,A,34,ASP,
35,W,True,A,35,TRP,,A,35,TRP,,A,35,TRP,,A,35,TRP,
36,S,True,A,36,SER,,A,36,SER,,A,36,SER,,A,36,SER,
37,I,True,A,37,ILE,,A,37,ILE,,A,37,ILE,,A,37,ILE,
38,W,True,A,38,TRP,,A,38,TRP,,A,38,TRP,,A,38,TRP,
39,G,True,A,39,GLY,,A,39,GLY,,A,39,GLY,,A,39,GLY,
40,G,True,A,40,GLY,,A,40,GLY,,A,40,GLY,,A,40,GLY,
41,Q,True,A,41,GLN,,A,41,GLN,,A,41,GLN,,A,41,GLN,
42,G,True,A,42,GLY,,A,42,GLY,,A,42,GLY,,A,42,GLY,
43,N,True,A,43,ASN,,A,43,ASN,,A,43,ASN,,A,43,ASN,
44,F,True,A,44,PHE,,A,44,PHE,,A,44,PHE,,A,44,PHE,
45,Y,True,A,45,TYR,,A,45,TYR,,A,45,TYR,,A,45,TYR,
46,P,True,A,46,PRO,,A,46,PRO,,A,46,PRO,,A,46,PRO,
47,K,True,A,47,LYS,,A,47,LYS,,A,47,LYS,,A,47,LYS,
48,D,True,A,48,ASP,,A,48,ASP,,A,48,ASP,,A,48,ASP,
49,I,True,A,49,ILE,,A,49,ILE,,A,49,ILE,,A,49,ILE,
50,P,True,A,50,PRO,,A,50,PRO,,A,50,PRO,,A,50,PRO,
51,A,True,A,51,ALA,,A,51,ALA,,A,51,ALA,,A,51,ALA,
52,D,True,A,52,ASP,,A,52,ASP,,A,52,ASP,,A,52,ASP,
53,K,True,A,53,LYS,,A,53,LYS,,A,53,LYS,,A,53,LYS,
54,L,True,A,54,LEU,,A,54,LEU,,A,54,LEU,,A,54,LEU,
55,T,True,A,55,THR,,A,55,THR,,A,55,THR,,A,55,THR,
56,H,True,A,56,HIS,,A,56,HIS,,A,56,HIS,,A,56,HIS,
57,L,True,A,57,LEU,,A,57,LEU,,A,57,LEU,,A,57,LEU,
58,N,True,A,58,ASN,,A,58,ASN,,A,58,ASN,,A,58,ASN,
59,F,True,A,59,PHE,,A,59,PHE,,A,59,PHE,,A,59,PHE,
60,A,True,A,60,ALA,,A,60,ALA,,A,60,ALA,,A,60,ALA,
61,F,True,A,61,PHE,,A,61,PHE,,A,61,PHE,,A,61,PHE,
62,M,True,A,62,MET,,A,62,MET,,A,62,MET,,A,62,MET,
63,D,True,A,63,ASP,,A,63,ASP,,A,63,ASP,,A,63,ASP,
64,F,True,A,64,PHE,,A,64,PHE,,A,64,PHE,,A,64,PHE,
65,N,True,A,65,ASN,,A,65,ASN,,A,65,ASN,,A,65,ASN,
66,S,True,A,66,SER,,A,66,SER,,A,66,SER,,A,66,SER,
67,S,True,A,67,SER,,A,67,SER,,A,67,SER,,A,67,SER,
68,G,True,A,68,GLY,,A,68,GLY,,A,68,GLY,,A,68,GLY,
69,E,True,A,69,GLU,,A,69,GLU,,A,69,GLU,,A,69,GLU,
70,L,True,A,70,LEU,,A,70,LEU,,A,70,LEU,,A,70,LEU,
71,I,True,A,71,ILE,,A,71,ILE,,A,71,ILE,,A,71,ILE,
72,Y,True,A,72,TYR,,A,72,TYR,,A,72,TYR,,A,72,TYR,
73,C,True,A,73,CYS,,A,73,CYS,,A,73,CYS,,A,73,CYS,
74,D,True,A,74,ASP,,A,74,ASP,,A,74,ASP,,A,74,ASP,
75,K,True,A,75,LYS,,A,75,LYS,,A,75,LYS,,A,75,LYS,
76,D,True,A,76,ASP,,A,76,ASP,,A,76,ASP,,A,76,ASP,
77,A,True,A,77,ALA,,A,77,ALA,,A,77,ALA,,A,77,ALA,
78,A,True,A,78,ALA,,A,78,ALA,,A,78,ALA,,A,78,ALA,
79,I,True,A,79,ILE,,A,79,ILE,,A,79,ILE,,A,79,ILE,
80,G,True,A,80,GLY,,A,80,GLY,,A,80,GLY,,A,80,GLY,
81,H,True,A,81,HIS,,A,81,HIS,,A,81,HIS,,A,81,HIS,
82,P,True,A,82,PRO,,A,82,PRO,,A,82,PRO,,A,82,PRO,
83,L,True,A,83,LEU,,A,83,LEU,,A,83,LEU,,A,83,LEU,
84,G,True,A,84,GLY,,A,84,GLY,,A,84,GLY,,A,84,GLY,
85,N,True,A,85,ASN,,A,85,ASN,,A,85,ASN,,A,85,ASN,
86,L,True,A,86,LEU,,A,86,LEU,,A,86,LEU,,A,86,LEU,
87,G,True,A,87,GLY,,A,87,GLY,,A,87,GLY,,A,87,GLY,
88,V,True,A,88,VAL,,A,88,VAL,,A,88,VAL,,A,88,VAL,
89,T,True,A,89,THR,,A,89,THR,,A,89,THR,,A,89,THR,
90,Y,True,A,90,TYR,,A,90,TYR,,A,90,TYR,,A,90,TYR,
91,G,True,A,91,GLY,,A,91,GLY,,A,91,GLY,,A,91,GLY,
92,D,True,A,92,ASP,,A,92,ASP,,A,92,ASP,,A,92,ASP,
93,V,True,A,93,VAL,,A,93,VAL,,A,93,VAL,,A,93,VAL,
94,N,True,A,94,ASN,,A,94,ASN,,A,94,ASN,,A,94,ASN,
95,G,True,A,95,GLY,,A,95,GLY,,A,95,GLY,,A,95,GLY,
96,G,True,A,96,GLY,,A,96,GLY,,A,96,GLY,,A,96,GLY,
97,I,True,A,97,ILE,,A,97,ILE,,A,97,ILE,,A,97,ILE,
98,L,True,A,98,LEU,,A,98,LEU,,A,98,LEU,,A,98,LEU,
99,N,True,A,99,ASN,,A,99,ASN,,A,99,ASN,,A,99,ASN,
100,A,True,A,100,ALA,,A,100,ALA,,A,100,ALA,,A,100,ALA,
101,F,True,A,101,PHE,,A,101,PHE,,A,101,PHE,,A,101,PHE,
102,Q,True,A,102,GLN,,A,102,GLN,,A,102,GLN,,A,102,GLN,
103,V,True,A,103,VAL,,A,103,VAL,,A,103,VAL,,A,103,VAL,
104,L,True,A,104,LEU,,A,104,LEU,,A,104,LEU,,A,104,LEU,
105,K,True,A,105,LYS,,A,105,LYS,,A,105,LYS,,A,105,LYS,
106,S,True,A,106,SER,B,A,106,SER,,A,106,SER,,A,106,SER,
107,E,True,A,107,GLU,,A,107,GLU,,A,107,GLU,,A,107,GLU,
108,N,True,A,108,ASN,,A,108,ASN,,A,108,ASN,,A,108,ASN,
109,P,True,A,109,PRO,,A,109,PRO,,A,109,PRO,,A,109,PRO,
110,N,True,A,110,ASN,,A,110,ASN,,A,110,ASN,,A,110,ASN,
111,L,True,A,111,LEU,,A,111,LEU,,A,111,LEU,,A,111,LEU,
112,K,True,A,112,LYS,,A,112,LYS,,A,112,LYS,,A,112,LYS,
113,I,True,A,113,ILE,,A,113,ILE,,A,113,ILE,,A,113,ILE,
114,G,True,A,114,GLY,,A,114,GLY,,A,114,GLY,,A,114,GLY,
115,V,True,A,115,VAL,,A,115,VAL,,A,115,VAL,,A,115,VAL,
116,S,True,A,116,SER,,A,116,SER,,A,116,SER,,A,116,SER,
117,L,True,A,117,LEU,,A,117,LEU,,A,117,LEU,,A,117,LEU,
118,G,True,A,118,GLY,,A,118,GLY,,A,118,GLY,,A,118,GLY,
119,G,True,A,119,GLY,,A,119,GLY,,A,119,GLY,,A,119,GLY,
120,W,True,A,120,TRP,,A,120,TRP,,A,120,TRP,,A,120,TRP,
121,S,True,A,121,SER,,A,121,SER,,A,121,SER,,A,121,SER,
122,K,True,A,122,LYS,,A,122,LYS,,A,122,LYS,,A,122,LYS,
123,S,True,A,123,SER,,A,123,SER,,A,123,SER,,A,123,SER,
124,G,True,A,124,GLY,,A,124,GLY,,A,124,GLY,,A,124,GLY,
125,D,True,A,125,ASP,,A,125,ASP,,A,125,ASP,,A,125,ASP,
126,F,True,A,126,PHE,,A,126,PHE,,A,126,PHE,,A,126,PHE,
127,S,True,A,127,SER,,A,127,SER,,A,127,SER,,A,127,SER,
128,T,True,A,128,THR,,A,128,THR,,A,128,THR,,A,128,THR,
129,I,True,A,129,ILE,,A,129,ILE,,A,129,ILE,,A,129,ILE,
130,A,True,A,130,ALA,,A,130,ALA,,A,130,ALA,,A,130,ALA,
131,A,True,A,131,ALA,,A,131,ALA,,A,131,ALA,,A,131,ALA,
132,T,True,A,132,THR,,A,132,THR,,A,132,THR,,A,132,THR,
133,P,True,A,133,PRO,,A,133,PRO,,A,133,PRO,,A,133,PRO,
134,S,True,A,134,SER,,A,134,SER,,A,134,SER,,A,134,SER,
135,I,True,A,135,ILE,,A,135,ILE,,A,135,ILE,,A,135,ILE,
136,R,True,A,136,ARG,,A,136,ARG,,A,136,ARG,,A,136,ARG,
137,A,True,A,137,ALA,,A,137,ALA,,A,137,ALA,,A,137,ALA,
138,K,True,A,138,LYS,,A,138,LYS,,A,138,LYS,,A,138,LYS,
139,F,True,A,139,PHE,,A,139,PHE,,A,139,PHE,,A,139,PHE,
140,V,True,A,140,VAL,,A,140,VAL,,A,140,VAL,,A,140,VAL,
141,E,True,A,141,GLU,,A,141,GLU,,A,141,GLU,,A,141,GLU,
142,N,True,A,142,ASN,,A,142,ASN,,A,142,ASN,,A,142,ASN,
143,V,True,A,143,VAL,,A,143,VAL,,A,143,VAL,,A,143,VAL,
144,M,True,A,144,MET,,A,144,MET,,A,144,MET,,A,144,MET,
145,K,True,A,145,LYS,,A,145,LYS,,A,145,LYS,,A,145,LYS,
146,F,True,A,146,PHE,,A,146,PHE,,A,146,PHE,,A,146,PHE,
147,I,True,A,147,ILE,,A,147,ILE,,A,147,ILE,,A,147,ILE,
148,K,True,A,148,LYS,,A,148,LYS,,A,148,LYS,,A,148,LYS,
149,Y,True,A,149,TYR,,A,149,TYR,,A,149,TYR,,A,149,TYR,
150,T,True,A,150,THR,,A,150,THR,,A,150,THR,,A,150,THR,
151,N,True,A,151,ASN,,A,151,ASN,,A,151,ASN,,A,151,ASN,
152,M,True,A,152,MET,,A,152,MET,,A,152,MET,,A,152,MET,
153,D,True,A,153,ASP,,A,153,ASP,,A,153,ASP,,A,153,ASP,
154,F,True,A,154,PHE,,A,154,PHE,,A,154,PHE,,A,154,PHE,
155,V,True,A,155,VAL,,A,155,VAL,,A,155,VAL,,A,155,VAL,
156,D,True,A,156,ASP,,A,156,ASP,,A,156,ASP,,A,156,ASP,
157,I,True,A,157,ILE,,A,157,ILE,,A,157,ILE,,A,157,ILE,
158,D,True,A,158,ASP,,A,158,ASP,,A,158,ASP,,A,158,ASP,
159,W,True,A,159,TRP,,A,159,TRP,,A,159,TRP,,A,159,TRP,
160,E,True,A,160,GLU,,A,160,GLU,,A,160,GLU,,A,160,GLU,
161,Y,True,A,161,TYR,,A,161,TYR,,A,161,TYR,,A,161,TYR,
162,P,True,A,162,PRO,,A,162,PRO,,A,162,PRO,,A,162,PRO,
163,G,True,A,163,GLY,,A,163,GLY,,A,163,GLY,,A,163,GLY,
164,D,True,A,164,ASP,,A,164,ASP,,A,164,ASP,,A,164,ASP,
165,Y,True,A,165,TYR,,A,165,TYR,,A,165,TYR,,A,165,TYR,
166,R,True,A,166,ARG,,A,166,ARG,,A,166,ARG,,A,166,ARG,
167,E,True,A,167,GLU,,A,167,GLU,,A,167,GLU,,A,167,GLU,
168,P,True,A,168,PRO,,A,168,PRO,,A,168,PRO,,A,168,PRO,
169,D,True,A,169,ASP,,A,169,ASP,,A,169,ASP,,A,169,ASP,
170,K,True,A,170,LYS,,A,170,LYS,,A,170,LYS,,A,170,LYS,
171,T,True,A,171,THR,,A,171,THR,,A,171,THR,,A,171,THR,
172,D,True,A,172,ASP,,A,172,ASP,,A,172,ASP,,A,172,ASP,
173,N,True,A,173,ASN,,A,173,ASN,,A,173,ASN,,A,173,ASN,
174,I,True,A,174,ILE,,A,174,ILE,,A,174,ILE,,A,174,ILE,
175,N,True,A,175,ASN,,A,175,ASN,,A,175,ASN,,A,175,ASN,
176,D,True,A,176,ASP,,A,176,ASP,,A,176,ASP,,A,176,ASP,
177,E,True,A,177,GLU,,A,177,GLU,,A,177,GLU,,A,177,GLU,
178,G,True,A,178,GLY,,A,178,GLY,,A,178,GLY,,A,178,GLY,
179,T,True,A,179,THR,,A,179,THR,,A,179,THR,,A,179,THR,
180,P,True,A,180,PRO,,A,180,PRO,,A,180,PRO,,A,180,PRO,
181,N,True,A,181,ASN,,A,181,ASN,,A,181,ASN,,A,181,ASN,
182,A,True,A,182,ALA,,A,182,ALA,,A,182,ALA,,A,182,ALA,
183,S,True,A,183,SER,,A,183,SER,,A,183,SER,,A,183,SER,
184,A,True,A,184,ALA,,A,184,ALA,,A,184,ALA,,A,184,ALA,
185,G,True,A,185,GLY,,A,185,GLY,,A,185,GLY,,A,185,GLY,
186,D,True,A,186,ASP,,A,186,ASP,,A,186,ASP,,A,186,ASP,
187,K,True,A,187,LYS,,A,187,LYS,,A,187,LYS,,A,187,LYS,
188,E,True,A,188,GLU,,A,188,GLU,,A,188,GLU,,A,188,GLU,
189,N,True,A,189,ASN,,A,189,ASN,,A,189,ASN,,A,189,ASN,
190,Y,True,A,190,TYR,,A,190,TYR,,A,190,TYR,,A,190,TYR,
191,I,True,A,191,ILE,,A,191,ILE,,A,191,ILE,,A,191,ILE,
192,L,True,A,192,LEU,,A,192,LEU,,A,192,LEU,,A,192,LEU,
193,L,True,A,193,LEU,,A,193,LEU,,A,193,LEU,,A,193,LEU,
194,L,True,A,194,LEU,,A,194,LEU,,A,194,LEU,,A,194,LEU,
195,Q,True,A,195,GLN,,A,195,GLN,,A,195,GLN,,A,195,GLN,
196,D,True,A,196,ASP,,A,196,ASP,,A,196,ASP,,A,196,ASP,
197,L,True,A,197,LEU,,A,197,LEU,,A,197,LEU,,A,197,LEU,
198,K,True,A,198,LYS,,A,198,LYS,,A,198,LYS,,A,198,LYS,
199,E,True,A,199,GLU,,A,199,GLU,,A,199,GLU,,A,199,GLU,
200,A,True,A,200,ALA,,A,200,ALA,,A,200,ALA,,A,200,ALA,
201,L,True,A,201,LEU,,A,201,LEU,,A,201,LEU,,A,201,LEU,
202,N,True,A,202,ASN,,A,202,ASN,,A,202,ASN,,A,202,ASN,
203,K,True,A,203,LYS,,A,203,LYS,,A,203,LYS,,A,203,LYS,
204,Q,True,A,204,GLN,,A,204,GLN,,A,204,GLN,,A,204,GLN,
205,G,True,A,205,GLY,,A,205,GLY,,A,205,GLY,,A,205,GLY,
206,K,True,A,206,LYS,,A,206,LYS,,A,206,LYS,,A,206,LYS,
207,E,True,A,207,GLU,,A,207,GLU,,A,207,GLU,,A,207,GLU,
208,L,True,A,208,LEU,,A,208,LEU,,A,208,LEU,,A,208,LEU,
209,G,True,A,209,GLY,,A,209,GLY,,A,209,GLY,,A,209,GLY,
210,K,True,A,210,LYS,,A,210,LYS,,A,210,LYS,,A,210,LYS,
211,V,True,A,211,VAL,,A,211,VAL,,A,211,VAL,,A,211,VAL,
212,Y,True,A,212,TYR,,A,212,TYR,,A,212,TYR,,A,212,TYR,
213,E,True,A,213,GLU,,A,213,GLU,,A,213,GLU,,A,213,GLU,
214,L,True,A,214,LEU,,A,214,LEU,,A,214,LEU,,A,214,LEU,
215,S,True,A,215,SER,,A,215,SER,,A,215,SER,,A,215,SER,
216,V,True,A,216,VAL,,A,216,VAL,,A,216,VAL,,A,216,VAL,
217,A,True,A,217,ALA,,A,217,ALA,,A,217,ALA,,A,217,ALA,
218,L,True,A,218,LEU,,A,218,LEU,,A,218,LEU,,A,218,LEU,
219,P,True,A,219,PRO,,A,219,PRO,,A,219,PRO,,A,219,PRO,
220,A,True,A,220,ALA,,A,220,ALA,,A,220,ALA,,A,220,ALA,
221,G,True,A,221,GLY,,A,221,GLY,,A,221,GLY,,A,221,GLY,
222,V,True,A,222,VAL,,A,222,VAL,,A,222,VAL,,A,222,VAL,
223,S,True,A,223,SER,,A,223,SER,,A,223,SER,,A,223,SER,
224,K,True,A,224,LYS,,A,224,LYS,,A,224,LYS,,A,224,LYS,
225,I,True,A,225,ILE,,A,225,ILE,,A,225,ILE,,A,225,ILE,
226,E,True,A,226,GLU,,A,226,GLU,,A,226,GLU,,A,226,GLU,
227,K,True,A,227,LYS,,A,227,LYS,,A,227,LYS,,A,227,LYS,
228,G,True,A,228,GLY,,A,228,GLY,,A,228,GLY,,A,228,GLY,
229,I,True,A,229,ILE,,A,229,ILE,,A,229,ILE,,A,229,ILE,
230,D,True,A,230,ASP,,A,230,ASP,,A,230,ASP,,A,230,ASP,
231,V,True,A,231,VAL,,A,231,VAL,,A,231,VAL,,A,231,VAL,
232,D,True,A,232,ASP,,A,232,ASP,,A,232,ASP,,A,232,ASP,
233,K,True,A,233,LYS,,A,233,LYS,,A,233,LYS,,A,233,LYS,
234,L,True,A,234,LEU,,A,234,LEU,,A,234,LEU,,A,234,LEU,
235,F,True,A,235,PHE,,A,235,PHE,,A,235,PHE,,A,235,PHE,
236,N,True,A,236,ASN,,A,236,ASN,,A,236,ASN,,A,236,ASN,
237,I,True,A,237,ILE,,A,237,ILE,,A,237,ILE,,A,237,ILE,
238,V,True,A,238,VAL,,A,238,VAL,,A,238,VAL,,A,238,VAL,
239,D,True,A,239,ASP,,A,239,ASP,,A,239,ASP,,A,239,ASP,
240,F,True,A,240,PHE,,A,240,PHE,,A,240,PHE,,A,240,PHE,
241,A,True,A,241,ALA,,A,241,ALA,,A,241,ALA,,A,241,ALA,
242,N,True,A,242,ASN,,A,242,ASN,,A,242,ASN,,A,242,ASN,
243,I,True,A,243,ILE,,A,243,ILE,,A,243,ILE,,A,243,ILE,
244,M,True,A,244,MET,,A,244,MET,,A,244,MET,,A,244,MET,
245,T,True,A,245,THR,,A,245,THR,,A,245,THR,,A,245,THR,
246,Y,True,A,246,TYR,,A,246,TYR,,A,246,TYR,,A,246,TYR,
247,D,True,A,247,ASP,,A,247,ASP,,A,247,ASP,,A,247,ASP,
248,M,True,A,248,MET,,A,248,MET,,A,248,MET,,A,248,MET,
249,A,True,A,249,ALA,,A,249,ALA,,A,249,ALA,,A,249,ALA,
250,G,True,A,250,GLY,,A,250,GLY,,A,250,GLY,,A,250,GLY,
251,A,True,A,251,ALA,,A,251,ALA,,A,251,ALA,,A,251,ALA,
252,W,True,A,252,TRP,,A,252,TRP,,A,252,TRP,,A,252,TRP,
253,S,True,A,253,SER,,A,253,SER,,A,253,SER,,A,253,SER,
254,T,True,A,254,THR,,A,254,THR,,A,254,THR,,A,254,THR,
255,T,True,A,255,THR,,A,255,THR,,A,255,THR,,A,255,THR,
256,S,True,A,256,SER,,A,256,SER,,A,256,SER,,A,256,SER,
257,G,True,A,257,GLY,,A,257,GLY,,A,257,GLY,,A,257,GLY,
258,H,True,A,258,HIS,,A,258,HIS,,A,258,HIS,,A,258,HIS,
259,Q,True,A,259,GLN,,A,259,GLN,,A,259,GLN,,A,259,GLN,
260,T,True,A,260,THR,,A,260,THR,,A,260,THR,,A,260,THR,
261,A,True,A,261,ALA,,A,261,ALA,,A,261,ALA,,A,261,ALA,
262,L,True,A,262,LEU,,A,262,LEU,,A,262,LEU,,A,262,LEU,
263,Y,True,A,263,TYR,,A,263,TYR,,A,263,TYR,,A,263,TYR,
264,T,True,A,264,THR,,A,264,THR,,A,264,THR,,A,264,THR,
265,N,True,A,265,ASN,,A,265,ASN,,A,265,ASN,,A,265,ASN,
266,P,True,A,266,PRO,,A,266,PRO,,A,266,PRO,,A,266,PRO,
267,N,True,A,267,ASN,,A,267,ASN,,A,267,ASN,,A,267,ASN,
268,A,True,A,268,ALA,,A,268,ALA,,A,268,ALA,,A,268,ALA,
269,P,True,A,269,PRO,,A,269,PRO,,A,269,PRO,,A,269,PRO,
270,E,True,A,270,GLU,,A,270,GLU,,A,270,GLU,,A,270,GLU,
271,E,True,A,271,GLU,,A,271,GLU,,A,271,GLU,,A,271,GLU,
272,Y,True,A,272,TYR,,A,272,TYR,,A,272,TYR,,A,272,TYR,
273,K,True,A,273,LYS,,A,273,LYS,,A,273,LYS,,A,273,LYS,
274,G,True,A,274,GLY,,A,274,GLY,,A,274,GLY,,A,274,GLY,
275,L,True,A,275,LEU,,A,275,LEU,,A,275,LEU,,A,275,LEU,
276,S,True,A,276,SER,,A,276,SER,,A,276,SER,,A,276,SER,
277,V,True,A,277,VAL,,A,277,VAL,,A,277,VAL,,A,277,VAL,
278,D,True,A,278,ASP,,A,278,ASP,,A,278,ASP,,A,278,ASP,
279,E,True,A,279,GLU,,A,279,GLU,,A,279,GLU,,A,279,GLU,
280,S,True,A,280,SER,,A,280,SER,,A,280,SER,,A,280,SER,
281,V,True,A,281,VAL,,A,281,VAL,,A,281,VAL,,A,281,VAL,
282,K,True,A,282,LYS,,A,282,LYS,,A,282,LYS,,A,282,LYS,
283,Y,True,A,283,TYR,,A,283,TYR,,A,283,TYR,,A,283,TYR,
284,Y,True,A,284,TYR,,A,284,TYR,,A,284,TYR,,A,284,TYR,
285,I,True,A,285,ILE,,A,285,ILE,,A,285,ILE,,A,285,ILE,
286,S,True,A,286,SER,,A,286,SER,,A,286,SER,,A,286,SER,
287,Q,True,A,287,GLN,,A,287,GLN,,A,287,GLN,,A,287,GLN,
288,G,True,A,288,GLY,,A,288,GLY,,A,288,GLY,,A,288,GLY,
289,A,True,A,289,ALA,,A,289,ALA,,A,289,ALA,,A,289,ALA,
290,E,True,A,290,GLU,,A,290,GLU,,A,290,GLU,,A,290,GLU,
291,R,True,A,291,ARG,,A,291,ARG,,A,291,ARG,,A,291,ARG,
292,E,True,A,292,GLU,,A,292,GLU,,A,292,GLU,,A,292,GLU,
293,K,True,A,293,LYS,,A,293,LYS,,A,293,LYS,,A,293,LYS,
294,I,True,A,294,ILE,,A,294,ILE,,A,294,ILE,,A,294,ILE,
295,V,True,A,295,VAL,,A,295,VAL,,A,295,VAL,,A,295,VAL,
296,V,True,A,296,VAL,,A,296,VAL,,A,296,VAL,,A,296,VAL,
297,G,True,A,297,GLY,,A,297,GLY,,A,297,GLY,,A,297,GLY,
298,A,True,A,298,ALA,,A,298,ALA,,A,298,ALA,,A,298,ALA,
299,A,True,A,299,ALA,,A,299,ALA,,A,299,ALA,,A,299,ALA,
300,Y,True,A,300,TYR,,A,300,TYR,,A,300,TYR,,A,300,TYR,
301,Y,True,A,301,TYR,,A,301,TYR,,A,301,TYR,,A,301,TYR,
302,T,True,A,302,THR,,A,302,THR,,A,302,THR,,A,302,THR,
303,R,True,A,303,ARG,,A,303,ARG,,A,303,ARG,,A,303,ARG,
304,G,True,A,304,GLY,,A,304,GLY,,A,304,GLY,,A,304,GLY,
305,W,True,A,305,TRP,,A,305,TRP,,A,305,TRP,,A,305,TRP,
306,E,True,A,306,GLU,,A,306,GLU,,A,306,GLU,,A,306,GLU,
307,Q,True,A,307,GLN,,A,307,GLN,,A,307,GLN,,A,307,GLN,
308,V,True,A,308,VAL,,A,308,VAL,,A,308,VAL,,A,308,VAL,
309,S,True,A,309,SER,,A,309,SER,,A,309,SER,,A,309,SER,
310,D,True,A,310,ASP,,A,310,ASP,,A,310,ASP,,A,310,ASP,
311,K,True,A,311,LYS,,A,311,LYS,,A,311,LYS,,A,311,LYS,
312,G,True,A,312,GLY,,A,312,GLY,,A,312,GLY,,A,312,GLY,
313,T,True,A,313,THR,,A,313,THR,,A,313,THR,,A,313,THR,
314,D,True,A,314,ASP,,A,314,ASP,,A,314,ASP,,A,314,ASP,
315,P,True,A,315,PRO,,A,315,PRO,,A,315,PRO,,A,315,PRO,
316,N,True,A,316,ASN,,A,316,ASN,,A,316,ASN,,A,316,ASN,
317,N,True,A,317,ASN,,A,317,ASN,,A,317,ASN,,A,317,ASN,
318,P,True,A,318,PRO,,A,318,PRO,,A,318,PRO,,A,318,PRO,
319,G,True,A,319,GLY,,A,319,GLY,,A,319,GLY,,A,319,GLY,
320,L,True,A,320,LEU,,A,320,LEU,,A,320,LEU,,A,320,LEU,
321,F,True,A,321,PHE,,A,321,PHE,,A,321,PHE,,A,321,PHE,
322,G,True,A,322,GLY,,A,322,GLY,,A,322,GLY,,A,322,GLY,
323,E,True,A,323,GLU,,A,323,GLU,,A,323,GLU,,A,323,GLU,
324,A,True,A,324,ALA,,A,324,ALA,,A,324,ALA,,A,324,ALA,
325,A,True,A,325,ALA,,A,325,ALA,,A,325,ALA,,A,325,ALA,
326,V,True,A,326,VAL,,A,326,VAL,,A,326,VAL,,A,326,VAL,
327,V,True,A,327,VAL,,A,327,VAL,,A,327,VAL,,A,327,VAL,
328,N,True,A,328,ASN,,A,328,ASN,,A,328,ASN,,A,328,ASN,
329,K,True,A,329,LYS,,A,329,LYS,,A,329,LYS,,A,329,LYS,
330,D,True,A,330,ASP,,A,330,ASP,,A,330,ASP,,A,330,ASP,
331,A,True,A,331,ALA,,A,331,ALA,,A,331,ALA,,A,331,ALA,
332,D,True,A,332,ASP,,A,332,ASP,,A,332,ASP,,A,332,ASP,
333,L,True,A,333,LEU,,A,333,LEU,,A,333,LEU,,A,333,LEU,
334,S,True,A,334,SER,,A,334,SER,,A,334,SER,,A,334,SER,
335,P,True,A,335,PRO,,A,335,PRO,,A,335,PRO,,A,335,PRO,
336,T,True,A,336,THR,,A,336,THR,,A,336,THR,,A,336,THR,
337,P,True,A,337,PRO,,A,337,PRO,,A,337,PRO,,A,337,PRO,
338,G,True,A,338,GLY,,A,338,GLY,,A,338,GLY,,A,338,GLY,
339,A,True,A,339,ALA,,A,339,ALA,,A,339,ALA,,A,339,ALA,
340,L,True,A,340,LEU,,A,340,LEU,,A,340,LEU,,A,340,LEU,
341,N,True,A,341,ASN,,A,341,ASN,,A,341,ASN,,A,341,ASN,
342,E,True,A,342,GLU,,A,342,GLU,,A,342,GLU,,A,342,GLU,
343,A,True,A,343,ALA,,A,343,ALA,,A,343,ALA,,A,343,ALA,
344,P,True,A,344,PRO,,A,344,PRO,,A,344,PRO,,A,344,PRO,
345,M,True,A,345,MET,B,A,345,MET,,A,345,MET,,A,345,MET,
346,K,True,A,346,LYS,,A,346,LYS,,A,346,LYS,,A,346,LYS,
347,N,True,A,347,ASN,,A,347,ASN,,A,347,ASN,,A,347,ASN,
348,G,True,A,348,GLY,,A,348,GLY,,A,348,GLY,,A,348,GLY,
349,E,True,A,349,GLU,,A,349,GLU,,A,349,GLU,,A,349,GLU,
350,G,True,A,350,GLY,,A,350,GLY,,A,350,GLY,,A,350,GLY,
351,G,True,A,351,GLY,,A,351,GLY,,A,351,GLY,,A,351,GLY,
352,R,True,A,352,ARG,,A,352,ARG,,A,352,ARG,,A,352,ARG,
353,A,True,A,353,ALA,,A,353,ALA,,A,353,ALA,,A,353,ALA,
354,G,True,A,354,GLY,,A,354,GLY,,A,354,GLY,,A,354,GLY,
355,G,True,A,355,GLY,,A,355,GLY,,A,355,GLY,,A,355,GLY,
356,V,True,A,356,VAL,,A,356,VAL,,A,356,VAL,,A,356,VAL,
357,W,True,A,357,TRP,,A,357,TRP,,A,357,TRP,,A,357,TRP,
358,G,True,A,358,GLY,,A,358,GLY,,A,358,GLY,,A,358,GLY,
359,Y,True,A,359,TYR,,A,359,TYR,,A,359,TYR,,A,359,TYR,
360,N,True,A,360,ASN,,A,360,ASN,,A,360,ASN,,A,360,ASN,
361,A,True,A,361,ALA,,A,361,ALA,,A,361,ALA,,A,361,ALA,
362,L,True,A,362,LEU,,A,362,LEU,,A,362,LEU,,A,362,LEU,
363,D,True,A,363,ASP,,A,363,ASP,,A,363,ASP,,A,363,ASP,
364,K,True,A,364,LYS,,A,364,LYS,,A,364,LYS,,A,364,LYS,
365,L,True,A,365,LEU,,A,365,LEU,,A,365,LEU,,A,365,LEU,
366,K,True,A,366,LYS,,A,366,LYS,,A,366,LYS,,A,366,LYS,
367,S,True,A,367,SER,,A,367,SER,,A,367,SER,,A,367,SER,
368,K,True,A,368,LYS,,A,368,LYS,,A,368,LYS,,A,368,LYS,
369,Y,True,A,369,TYR,,A,369,TYR,,A,369,TYR,,A,369,TYR,
370,T,True,A,370,THR,,A,370,THR,,A,370,THR,,A,370,THR,
371,G,True,A,371,GLY,,A,371,GLY,,A,371,GLY,,A,371,GLY,
372,L,True,A,372,LEU,,A,372,LEU,,A,372,LEU,,A,372,LEU,
373,K,True,A,373,LYS,,A,373,LYS,,A,373,LYS,,A,373,LYS,
374,E,True,A,374,GLU,,A,374,GLU,,A,374,GLU,,A,374,GLU,
375,Y,True,A,375,TYR,,A,375,TYR,,A,375,TYR,,A,375,TYR,
376,W,True,A,376,TRP,,A,376,TRP,,A,376,TRP,,A,376,TRP,
377,D,True,A,377,ASP,,A,377,ASP,,A,377,ASP,,A,377,ASP,
378,D,True,A,378,ASP,,A,378,ASP,,A,378,ASP,,A,378,ASP,
379,S,True,A,379,SER,,A,379,SER,,A,379,SER,,A,379,SER,
380,A,True,A,380,ALA,,A,380,ALA,,A,380,ALA,,A,380,ALA,
381,K,True,A,381,LYS,,A,381,LYS,,A,381,LYS,,A,381,LYS,
382,A,True,A,382,ALA,,A,382,ALA,,A,382,ALA,,A,382,ALA,
383,P,True,A,383,PRO,,A,383,PRO,,A,383,PRO,,A,383,PRO,
384,Y,True,A,384,TYR,,A,384,TYR,,A,384,TYR,,A,384,TYR,
385,L,True,A,385,LEU,,A,385,LEU,,A,385,LEU,,A,385,LEU,
386,Y,True,A,386,TYR,,A,386,TYR,,A,386,TYR,,A,386,TYR,
387,N,True,A,387,ASN,,A,387,ASN,,A,387,ASN,,A,387,ASN,
388,S,True,A,388,SER,,A,388,SER,,A,388,SER,,A,388,SER,
389,E,True,A,389,GLU,,A,389,GLU,,A,389,GLU,,A,389,GLU,
390,T,True,A,390,THR,,A,390,THR,,A,390,THR,,A,390,THR,
391,G,True,A,391,GLY,,A,391,GLY,,A,391,GLY,,A,391,GLY,
392,A,True,A,392,ALA,,A,392,ALA,,A,392,ALA,,A,392,ALA,
393,F,True,A,393,PHE,,A,393,PHE,,A,393,PHE,,A,393,PHE,
394,F,True,A,394,PHE,,A,394,PHE,,A,394,PHE,,A,394,PHE,
395,T,True,A,395,THR,,A,395,THR,,A,395,THR,,A,395,THR,
396,Y,True,A,396,TYR,,A,396,TYR,,A,396,TYR,,A,396,TYR,
397,D,True,A,397,ASP,,A,397,ASP,,A,397,ASP,,A,397,ASP,
398,N,True,A,398,ASN,,A,398,ASN,,A,398,ASN,,A,398,ASN,
399,I,True,A,399,ILE,,A,399,ILE,,A,399,ILE,,A,399,ILE,
400,R,True,A,400,ARG,,A,400,ARG,,A,400,ARG,,A,400,ARG,
401,S,True,A,401,SER,,A,401,SER,,A,401,SER,,A,401,SER,
402,I,True,A,402,ILE,,A,402,ILE,,A,402,ILE,,A,402,ILE,
403,Q,True,A,403,GLN,,A,403,GLN,,A,403,GLN,,A,403,GLN,
404,E,True,A,404,GLU,,A,404,GLU,,A,404,GLU,,A,404,GLU,
405,K,True,A,405,LYS,,A,405,LYS,,A,405,LYS,,A,405,LYS,
406,A,True,A,406,ALA,,A,406,ALA,,A,406,ALA,,A,406,ALA,
407,K,True,A,407,LYS,,A,407,LYS,,A,407,LYS,,A,407,LYS,
408,Y,True,A,408,TYR,,A,408,TYR,,A,408,TYR,,A,408,TYR,
409,V,True,A,409,VAL,,A,409,VAL,,A,409,VAL,,A,409,VAL,
410,K,True,A,410,LYS,,A,410,LYS,,A,410,LYS,,A,410,LYS,
411,E,True,A,411,GLU,,A,411,GLU,,A,411,GLU,,A,411,GLU,
412,N,True,A,412,ASN,,A,412,ASN,,A,412,ASN,,A,412,ASN,
413,N,True,A,413,ASN,,A,413,ASN,,A,413,ASN,,A,413,ASN,
414,L,True,A,414,LEU,,A,414,LEU,,A,414,LEU,,A,414,LEU,
415,G,True,A,415,GLY,,A,415,GLY,,A,415,GLY,,A,415,GLY,
416,G,True,A,416,GLY,,A,416,GLY,,A,416,GLY,,A,416,GLY,
417,I,True,A,417,ILE,,A,417,ILE,,A,417,ILE,,A,417,ILE,
418,I,True,A,418,ILE,,A,418,ILE,,A,418,ILE,,A,418,ILE,
419,G,True,A,419,GLY,,A,419,GLY,,A,419,GLY,,A,419,GLY,
420,W,True,A,420,TRP,,A,420,TRP,,A,420,TRP,,A,420,TRP,
421,M,True,A,421,MET,,A,421,MET,,A,421,MET,,A,421,MET,
422,A,True,A,422,ALA,,A,422,ALA,,A,422,ALA,,A,422,ALA,
423,S,True,A,423,SER,,A,423,SER,,A,423,SER,,A,423,SER,
424,Q,True,A,424,GLN,,A,424,GLN,,A,424,GLN,,A,424,GLN,
425,D,True,A,425,ASP,,A,425,ASP,,A,425,ASP,,A,425,ASP,
426,A,True,A,426,ALA,,A,426,ALA,,A,426,ALA,,A,426,ALA,
427,T,True,A,427,THR,,A,427,THR,,A,427,THR,,A,427,THR,
428,T,True,A,428,THR,,A,428,THR,,A,428,THR,,A,428,THR,
429,N,True,A,429,ASN,,A,429,ASN,,A,429,ASN,,A,429,ASN,
430,S,True,A,430,SER,,A,430,SER,,A,430,SER,,A,430,SER,
431,T,True,A,431,THR,,A,431,THR,,A,431,THR,,A,431,THR,
432,K,True,A,432,LYS,,A,432,LYS,,A,432,LYS,,A,432,LYS,
433,R,True,A,433,ARG,,A,433,ARG,,A,433,ARG,,A,433,ARG,
434,D,True,A,434,ASP,,A,434,ASP,,A,434,ASP,,A,434,ASP,
435,E,True,A,435,GLU,,A,435,GLU,,A,435,GLU,,A,435,GLU,
436,L,True,A,436,LEU,,A,436,LEU,,A,436,LEU,,A,436,LEU,
437,T,True,A,437,THR,,A,437,THR,,A,437,THR,,A,437,THR,
438,T,True,A,438,THR,,A,438,THR,,A,438,THR,,A,438,THR,
439,A,True,A,439,ALA,,A,439,ALA,,A,439,ALA,,A,439,ALA,
440,T,True,A,440,THR,,A,440,THR,,A,440,THR,,A,440,THR,
441,K,True,A,441,LYS,,A,441,LYS,,A,441,LYS,,A,441,LYS,
442,E,True,A,442,GLU,,A,442,GLU,,A,442,GLU,,A,442,GLU,
443,S,True,A,443,SER,B,A,443,SER,,A,443,SER,,A,443,SER,
444,L,True,A,444,LEU,,A,444,LEU,,A,444,LEU,,A,444,LEU,
445,F,True,A,445,PHE,,A,445,PHE,,A,445,PHE,,A,445,PHE,
446,G,True,A,446,GLY,,A,446,GLY,,A,446,GLY,,A,446,GLY,
447,K,True,A,447,LYS,,A,447,LYS,,A,447,LYS,,A,447,LYS,
448,E,True,A,448,GLU,,A,448,GLU,,A,448,GLU,,A,448,GLU,
449,D,True,A,449,ASP,,A,449,ASP,,A,449,ASP,,A,449,ASP,
450,L,True,A,450,LEU,,A,450,LEU,,A,450,LEU,,A,450,LEU,
451,P,True,A,451,PRO,,A,451,PRO,,A,451,PRO,,A,451,PRO,
452,K,True,A,452,LYS,,A,452,LYS,,A,452,LYS,,A,452,LYS,
453,Y,True,A,453,TYR,,A,453,TYR,,A,453,TYR,,A,453,TYR,
454,E,True,A,454,GLU,,A,454,GLU,,A,454,GLU,,A,454,GLU,
455,I,True,A,455,ILE,,A,455,ILE,,A,455,ILE,,A,455,ILE,
456,K,True,A,456,LYS,,A,456,LYS,,A,456,LYS,,A,456,LYS,
457,Y,True,A,457,TYR,,A,457,TYR,,A,457,TYR,,A,457,TYR,
458,T,True,A,458,THR,B,A,458,THR,,A,458,THR,,A,458,THR,
459,E,True,A,459,GLU,,A,459,GLU,,A,459,GLU,,A,459,GLU,
460,N,True,A,460,ASN,,A,460,ASN,,A,460,ASN,,A,460,ASN,
461,D,True,A,461,ASP,,A,461,ASP,,A,461,ASP,,A,461,ASP,
462,I,True,A,462,ILE,,A,462,ILE,,A,462,ILE,,A,462,ILE,
463,T,True,A,463,THR,,A,463,THR,,A,463,THR,,A,463,THR,
464,C,True,A,464,CYS,A,A,464,CYS,,A,464,CYS,,A,464,CYS,
465,T,True,A,465,THR,,A,465,THR,,A,465,THR,,A,465,THR,
466,V,True,A,466,VAL,,A,466,VAL,,A,466,VAL,,A,466,VAL,
467,T,True,A,467,THR,,A,467,THR,,A,467,THR,,A,467,THR,
468,P,True,A,468,PRO,,A,468,PRO,,A,468,PRO,,A,468,PRO,
469,V,True,A,469,VAL,,A,469,VAL,,A,469,VAL,,A,469,VAL,
470,K,True,A,470,LYS,,A,470,LYS,,A,470,LYS,,A,470,LYS,
471,Q,True,A,471,GLN,,A,471,GLN,,A,471,GLN,,A,471,GLN,
472,S,True,A,472,SER,,A,472,SER,,A,472,SER,,A,472,SER,
473,W,True,A,473,TRP,,A,473,TRP,,A,473,TRP,,A,473,TRP,
474,G,True,A,474,GLY,,A,474,GLY,,A,474,GLY,,A,474,GLY,
475,S,True,A,475,SER,,A,475,SER,,A,475,SER,,A,475,SER,
476,G,True,A,476,GLY,,A,476,GLY,,A,476,GLY,,A,476,GLY,
477,G,True,A,477,GLY,,A,477,GLY,,A,477,GLY,,A,477,GLY,
478,V,True,A,478,VAL,,A,478,VAL,,A,478,VAL,,A,478,VAL,
479,L,True,A,479,LEU,,A,479,LEU,,A,479,LEU,,A,479,LEU,
480,K,True,A,480,LYS,,A,480,LYS,,A,480,LYS,,A,480,LYS,
481,M,True,A,481,MET,,A,481,MET,,A,481,MET,,A,481,MET,
482,S,True,A,482,SER,,A,482,SER,,A,482,SER,,A,482,SER,
483,I,True,A,483,ILE,,A,483,ILE,,A,483,ILE,,A,483,ILE,
484,T,True,A,484,THR,,A,484,THR,,A,484,THR,,A,484,THR,
485,N,True,A,485,ASN,,A,485,ASN,,A,485,ASN,,A,485,ASN,
486,N,True,A,486,ASN,,A,486,ASN,,A,486,ASN,,A,486,ASN,
487,E,True,A,487,GLU,,A,487,GLU,,A,487,GLU,,A,487,GLU,
488,K,True,A,488,LYS,,A,488,LYS,,A,488,LYS,,A,488,LYS,
489,L,True,A,489,LEU,,A,489,LEU,,A,489,LEU,,A,489,LEU,
490,D,True,A,490,ASP,,A,490,ASP,,A,490,ASP,,A,490,ASP,
491,E,True,A,491,GLU,,A,491,GLU,,A,491,GLU,,A,491,GLU,
492,S,True,A,492,SER,,A,492,SER,,A,492,SER,,A,492,SER,
493,G,True,A,493,GLY,,A,493,GLY,,A,493,GLY,,A,493,GLY,
494,E,True,A,494,GLU,,A,494,GLU,,A,494,GLU,,A,494,GLU,
495,V,True,A,495,VAL,,A,495,VAL,,A,495,VAL,,A,495,VAL,
496,L,True,A,496,LEU,,A,496,LEU,,A,496,LEU,,A,496,LEU,
497,S,True,A,497,SER,,A,497,SER,,A,497,SER,,A,497,SER,
498,T,True,A,498,THR,,A,498,THR,,A,498,THR,,A,498,THR,
499,V,True,A,499,VAL,,A,499,VAL,,A,499,VAL,,A,499,VAL,
500,E,True,A,500,GLU,,A,500,GLU,,A,500,GLU,,A,500,GLU,
501,T,True,A,501,THR,,A,501,THR,,A,501,THR,,A,501,THR,
502,S,True,A,502,SER,,A,502,SER,,A,502,SER,,A,502,SER,
503,A,True,A,503,ALA,,A,503,ALA,,A,503,ALA,,A,503,ALA,
504,K,True,A,504,LYS,,A,504,LYS,,A,504,LYS,,A,504,LYS,
505,T,True,A,505,THR,,A,505,THR,,A,505,THR,,A,505,THR,
506,V,True,A,506,VAL,,A,506,VAL,,A,506,VAL,,A,506,VAL,
507,K,True,A,507,LYS,,A,507,LYS,,A,507,LYS,,A,507,LYS,
508,N,True,A,508,ASN,,A,508,ASN,,A,508,ASN,,A,508,ASN,
509,M,True,A,509,MET,,A,509,MET,,A,509,MET,,A,509,MET,
510,K,True,A,510,LYS,,A,510,LYS,,A,510,LYS,,A,510,LYS,
511,V,True,A,511,VAL,,A,511,VAL,,A,511,VAL,,A,511,VAL,
512,Y,True,A,512,TYR,,A,512,TYR,,A,512,TYR,,A,512,TYR,
513,I,True,A,513,ILE,,A,513,ILE,,A,513,ILE,,A,513,ILE,
514,K,True,A,514,LYS,,A,514,LYS,,A,514,LYS,,A,514,LYS,
515,T,True,A,515,THR,,A,515,THR,,A,515,THR,,A,515,THR,
516,D,True,A,516,ASP,,A,516,ASP,,A,516,ASP,,A,516,ASP,
517,G,True,A,517,GLY,,A,517,GLY,,A,517,GLY,,A,517,GLY,
518,I,True,A,518,ILE,,A,518,ILE,,A,518,ILE,,A,518,ILE,
519,A,True,A,519,ALA,,A,519,ALA,,A,519,ALA,,A,519,ALA,
520,I,True,A,520,ILE,,A,520,ILE,,A,520,ILE,,A,520,ILE,
521,T,True,A,521,THR,,A,521,THR,,A,521,THR,,A,521,THR,
522,G,True,A,522,GLY,,A,522,GLY,,A,522,GLY,,A,522,GLY,
523,S,True,A,523,SER,,A,523,SER,,A,523,SER,,A,523,SER,
524,Q,True,A,524,GLN,,A,524,GLN,,A,524,GLN,,A,524,GLN,
525,Y,True,A,525,TYR,,A,525,TYR,,A,525,TYR,,A,525,TYR,
526,P,True,A,526,PRO,,A,526,PRO,,A,526,PRO,,A,526,PRO,
527,A,True,A,527,ALA,,A,527,ALA,,A,527,ALA,,A,527,ALA,
528,G,True,A,528,GLY,,A,528,GLY,,A,528,GLY,,A,528,GLY,
529,P,True,A,529,PRO,,A,529,PRO,,A,529,PRO,,A,529,PRO,
530,V,True,A,530,VAL,,A,530,VAL,,A,530,VAL,,A,530,VAL,
531,T,True,A,531,THR,,A,531,THR,,A,531,THR,,A,531,THR,
532,K,True,A,532,LYS,,A,532,LYS,,A,532,LYS,,A,532,LYS,
533,E,True,A,533,GLU,,A,533,GLU,,A,533,GLU,,A,533,GLU,
534,G,True,A,534,GLY,,A,534,GLY,,A,534,GLY,,A,534,GLY,
535,D,True,A,535,ASP,,A,535,ASP,,A,535,ASP,,A,535,ASP,
536,Y,True,A,536,TYR,,A,536,TYR,,A,536,TYR,,A,536,TYR,
537,Y,True,A,537,TYR,,A,537,TYR,,A,537,TYR,,A,537,TYR,
538,V,True,A,538,VAL,,A,538,VAL,,A,538,VAL,,A,538,VAL,
539,I,True,A,539,ILE,,A,539,ILE,,A,539,ILE,,A,539,ILE,
540,D,True,A,540,ASP,,A,540,ASP,,A,540,ASP,,A,540,ASP,
541,F,True,A,541,PHE,,A,541,PHE,,A,541,PHE,,A,541,PHE,
542,G,True,A,542,GLY,,A,542,GLY,,A,542,GLY,,A,542,GLY,
543,K,True,A,543,LYS,,A,543,LYS,,A,543,LYS,,A,543,LYS,
544,I,True,A,544,ILE,,A,544,ILE,,A,544,ILE,,A,544,ILE,
545,S,True,A,545,SER,,A,545,SER,,A,545,SER,,A,545,SER,
546,D,True,A,546,ASP,,A,546,ASP,,A,546,ASP,,A,546,ASP,
547,G,True,A,547,GLY,,A,547,GLY,,A,547,GLY,,A,547,GLY,
548,K,True,A,548,LYS,,A,548,LYS,,A,548,LYS,,A,548,LYS,
549,L,True,A,549,LEU,,A,549,LEU,,A,549,LEU,,A,549,LEU,
550,M,True,A,550,MET,,A,550,MET,,A,550,MET,,A,550,MET,
551,K,True,A,551,LYS,,A,551,LYS,,A,551,LYS,,A,551,LYS,
552,A,True,A,552,ALA,,A,552,ALA,,A,552,ALA,,A,552,ALA,
553,G,True,A,553,GLY,,A,553,GLY,,A,553,GLY,,A,553,GLY,
554,I,True,A,554,ILE,,A,554,ILE,,A,554,ILE,,A,554,ILE,
555,T,True,A,555,THR,,A,555,THR,,A,555,THR,,A,555,THR,
556,F,True,A,556,PHE,,A,556,PHE,,A,556,PHE,,A,556,PHE,
557,T,True,A,557,THR,,A,557,THR,,A,557,THR,,A,557,THR,
558,F,True,A,558,PHE,,A,558,PHE,,A,558,PHE,,A,558,PHE,
559,D,True,A,559,ASP,,A,559,ASP,,A,559,ASP,,A,559,ASP,
560,L,True,A,560,LEU,,A,560,LEU,,A,560,LEU,,A,560,LEU,
561,N,True,A,561,ASN,,A,561,ASN,,A,561,ASN,,A,561,ASN,
562,L,True,A,562,LEU,,A,562,LEU,,A,562,LEU,,A,562,LEU,
563,D,True,A,563,ASP,,A,563,ASP,,A,563,ASP,,A,563,ASP,
564,K,True,A,564,LYS,,A,564,LYS,,A,564,LYS,,A,564,LYS,
565,A,True,A,565,ALA,,A,565,ALA,,A,565,ALA,,A,565,ALA,
566,I,True,A,566,ILE,,A,566,ILE,,A,566,ILE,,A,566,ILE,
567,E,True,A,567,GLU,,A,567,GLU,,A,567,GLU,,A,567,GLU,
568,D,True,A,568,ASP,,A,568,ASP,,A,568,ASP,,A,568,ASP,
569,T,True,A,569,THR,,A,569,THR,,A,569,THR,,A,569,THR,
570,N,True,A,570,ASN,,A,570,ASN,,A,570,ASN,,A,570,ASN,
571,N,True,A,571,ASN,,A,571,ASN,,A,571,ASN,,A,571,ASN,
572,I,True,A,572,ILE,,A,572,ILE,,A,572,ILE,,A,572,ILE,
573,I,True,A,573,ILE,,A,573,ILE,,A,573,ILE,,A,573,ILE,
574,S,True,A,574,SER,,A,574,SER,,A,574,SER,,A,574,SER,
575,I,True,A,575,ILE,,A,575,ILE,,A,575,ILE,,A,575,ILE,
576,E,True,A,576,GLU,,A,576,GLU,,A,576,GLU,,A,576,GLU,
577,V,True,A,577,VAL,,A,577,VAL,,A,577,VAL,,A,577,VAL,
578,S,True,A,578,SER,,A,578,SER,,A,578,SER,,A,578,SER,
579,Q,True,A,579,GLN,,A,579,GLN,,A,579,GLN,,A,579,GLN,
580,R,True,A,580,ARG,,A,580,ARG,,A,580,ARG,,A,580,ARG,
581,M,True,A,581,MET,,A,581,MET,,A,581,MET,,A,581,MET,
582,Y,True,A,582,TYR,,A,582,TYR,,A,582,TYR,,A,582,TYR,
583,Q,True,A,583,GLN,,A,583,GLN,,A,583,GLN,,A,583,GLN,
584,T,True,A,584,THR,,A,584,THR,,A,584,THR,,A,584,THR,
585,S,True,A,585,SER,,A,585,SER,,A,585,SER,,A,585,SER,
586,P,True,A,586,PRO,,A,586,PRO,,A,586,PRO,,A,586,PRO,
587,E,True,A,587,GLU,,A,587,GLU,,A,587,GLU,,A,587,GLU,
588,F,True,A,588,PHE,,A,588,PHE,,A,588,PHE,,A,588,PHE,
589,N,True,A,589,ASN,,A,589,ASN,,A,589,ASN,,A,589,ASN,
590,R,True,A,590,ARG,,A,590,ARG,,A,590,ARG,,A,590,ARG,
591,Q,True,A,591,GLN,,A,591,GLN,,A,591,GLN,,A,591,GLN,
592,T,True,A,592,THR,,A,592,THR,,A,592,THR,,A,592,THR,
593,I,True,A,593,ILE,,A,593,ILE,,A,593,ILE,,A,593,ILE,
594,W,True,A,594,TRP,,A,594,TRP,,A,594,TRP,,A,594,TRP,
595,E,True,A,595,GLU,,A,595,GLU,,A,595,GLU,,A,595,GLU,
596,N,True,A,596,ASN,,A,596,ASN,,A,596,ASN,,A,596,ASN,
597,T,True,A,597,THR,,A,597,THR,,A,597,THR,,A,597,THR,
598,N,False,,,,,A,598,ASN,,A,598,ASN,,A,598,ASN,
599,S,False,,,,,A,599,SER,,A,599,SER,,A,599,SER,
600,P,False,,,,,A,600,PRO,,A,600,PRO,,A,600,PRO,
601,R,False,,,,,A,601,ARG,,A,601,ARG,,A,601,ARG,
602,N,False,,,,,A,602,ASN,,A,602,ASN,,A,602,ASN,
603,K,False,,,,,A,603,LYS,,A,603,LYS,,A,603,LYS,
604,G,False,,,,,A,604,GLY,,A,604,GLY,,A,604,GLY,
605,E,False,,,,,A,605,GLU,,A,605,GLU,,A,605,GLU,
606,L,False,,,,,A,606,LEU,,A,606,LEU,,A,606,LEU,
607,E,False,,,,,A,607,GLU,,A,607,GLU,,A,607,GLU,
608,G,False,,,,,A,608,GLY,,A,608,GLY,,A,608,GLY,
609,K,False,,,,,A,609,LYS,,A,609,LYS,,A,609,LYS,
610,P,False,,,,,A,610,PRO,,A,610,PRO,,A,610,PRO,
611,I,False,,,,,A,611,ILE,,A,611,ILE,,A,611,ILE,
612,P,False,,,,,A,612,PRO,,A,612,PRO,,A,612,PRO,
613,N,False,,,,,A,613,ASN,,A,613,ASN,,A,613,ASN,
614,P,False,,,,,A,614,PRO,,A,614,PRO,,A,614,PRO,
615,L,False,,,,,A,615,LEU,,A,615,LEU,,A,615,LEU,
616,L,False,,,,,A,616,LEU,,A,616,LEU,,A,616,LEU,
617,G,False,,,,,A,617,GLY,,A,617,GLY,,A,617,GLY,
618,L,False,,,,,A,618,LEU,,A,618,LEU,,A,618,LEU,
619,D,False,,,,,A,619,ASP,,A,619,ASP,,A,619,ASP,
620,S,False,,,,,A,620,SER,,A,620,SER,,A,620,SER,
621,T,False,,,,,A,621,THR,,A,621,THR,,A,621,THR,
622,R,False,,,,,A,622,ARG,,A,622,ARG,,A,622,ARG,
623,T,False,,,,,A,623,THR,,A,623,THR,,A,623,THR,
624,G,False,,,,,A,624,GLY,,A,624,GLY,,A,624,GLY,
625,H,False,,,,,A,625,HIS,,A,625,HIS,,A,625,HIS,
626,H,False,,,,,A,626,HIS,,A,626,HIS,,A,626,HIS,
627,H,False,,,,,A,627,HIS,,A,627,HIS,,A,627,HIS,
628,H,False,,,,,A,628,HIS,,A,628,HIS,,A,628,HIS,
629,H,False,,,,,A,629,HIS,,A,629,HIS,,A,629,HIS,
630,H,False,,,,,A,630,HIS,,A,630,HIS,,A,630,HIS,
