target,condition,target_position,target_residue,in_frozen_mask,ca_error_angstrom,ca_bfactor,model_residue_id,reference_residue_id
T1122,Automatic_MMseqs2,1,M,False,,18.59,1,
T1122,Automatic_MMseqs2,2,G,False,,19.94,2,
T1122,Automatic_MMseqs2,3,Y,False,,19.84,3,
T1122,Automatic_MMseqs2,4,L,True,30.255806204831398,21.08,4,4
T1122,Automatic_MMseqs2,5,C,True,29.071516056108322,23.53,5,5
T1122,Automatic_MMseqs2,6,N,True,30.285864631304207,24.53,6,6
T1122,Automatic_MMseqs2,7,D,True,30.89376580824663,21.14,7,7
T1122,Automatic_MMseqs2,8,Y,True,32.469050364553176,30.05,8,8
T1122,Automatic_MMseqs2,9,G,True,35.29022826042364,21.17,9,9
T1122,Automatic_MMseqs2,10,Y,True,35.00107933141297,26.34,10,10
T1122,Automatic_MMseqs2,11,E,True,34.619550805522145,22.14,11,11
T1122,Automatic_MMseqs2,12,P,True,33.31170882058458,27.66,12,12
T1122,Automatic_MMseqs2,13,N,True,31.51437194557199,24.09,13,13
T1122,Automatic_MMseqs2,14,V,True,31.76203991935225,27.08,14,14
T1122,Automatic_MMseqs2,15,D,True,33.97118388159272,23.0,15,15
T1122,Automatic_MMseqs2,16,Y,True,31.84667458463885,28.59,16,16
T1122,Automatic_MMseqs2,17,P,True,29.547303615882985,26.05,17,17
T1122,Automatic_MMseqs2,18,N,True,27.53956587341749,26.19,18,18
T1122,Automatic_MMseqs2,19,A,True,32.29826190778074,26.67,19,19
T1122,Automatic_MMseqs2,20,S,True,32.014480607613265,24.75,20,20
T1122,Automatic_MMseqs2,21,H,True,29.151113110030536,28.19,21,21
T1122,Automatic_MMseqs2,22,A,True,34.58370977642709,23.86,22,22
T1122,Automatic_MMseqs2,23,G,True,39.306980660213796,21.97,23,23
T1122,Automatic_MMseqs2,24,L,True,39.82119243843078,27.08,24,24
T1122,Automatic_MMseqs2,25,Y,True,39.89854678394292,29.84,25,25
T1122,Automatic_MMseqs2,26,D,True,38.679806356711616,24.89,26,26
T1122,Automatic_MMseqs2,27,R,True,34.797030834633446,27.84,27,27
T1122,Automatic_MMseqs2,28,S,True,35.224502500123855,28.17,28,28
T1122,Automatic_MMseqs2,29,K,True,33.613894539091746,26.95,29,29
T1122,Automatic_MMseqs2,30,Q,True,29.52848634406354,26.25,30,30
T1122,Automatic_MMseqs2,31,P,True,33.30665682975411,24.45,31,31
T1122,Automatic_MMseqs2,32,Y,True,29.322882408769626,23.09,32,32
T1122,Automatic_MMseqs2,33,V,True,26.873914889730305,22.47,33,33
T1122,Automatic_MMseqs2,34,D,True,28.956124002277846,22.73,34,34
T1122,Automatic_MMseqs2,35,T,True,27.222540827386673,23.98,35,35
T1122,Automatic_MMseqs2,36,A,True,22.9534233185149,23.83,36,36
T1122,Automatic_MMseqs2,37,I,True,19.416643128560008,22.88,37,37
T1122,Automatic_MMseqs2,38,G,True,17.236834285851696,23.56,38,38
T1122,Automatic_MMseqs2,39,P,True,17.126325413188606,25.11,39,39
T1122,Automatic_MMseqs2,40,K,True,17.20311878686452,24.25,40,40
T1122,Automatic_MMseqs2,41,T,True,18.88706455539593,21.67,41,41
T1122,Automatic_MMseqs2,42,T,True,15.116408970785622,21.77,42,42
T1122,Automatic_MMseqs2,43,I,True,13.822867263779248,21.55,43,43
T1122,Automatic_MMseqs2,44,Q,True,10.80215835973196,20.27,44,44
T1122,Automatic_MMseqs2,45,F,True,8.23639150391737,23.97,45,45
T1122,Automatic_MMseqs2,46,D,True,6.756556848071395,23.22,46,46
T1122,Automatic_MMseqs2,47,H,True,5.1139001841786245,26.59,47,47
T1122,Automatic_MMseqs2,48,V,True,5.209169607130172,27.0,48,48
T1122,Automatic_MMseqs2,49,F,True,7.292174602171264,27.45,49,49
T1122,Automatic_MMseqs2,50,I,True,6.91160139276874,43.47,50,50
T1122,Automatic_MMseqs2,51,K,True,8.079463756220767,42.66,51,51
T1122,Automatic_MMseqs2,52,S,True,10.866339076142992,49.81,52,52
T1122,Automatic_MMseqs2,53,D,True,11.65919028018997,53.34,53,53
T1122,Automatic_MMseqs2,54,F,True,9.123871230521308,55.09,54,54
T1122,Automatic_MMseqs2,55,K,True,13.736803307941504,58.16,55,55
T1122,Automatic_MMseqs2,56,T,True,17.36519719828713,58.97,56,56
T1122,Automatic_MMseqs2,57,W,True,16.09390647574204,62.31,57,57
T1122,Automatic_MMseqs2,58,L,True,16.124094418158318,61.09,58,58
T1122,Automatic_MMseqs2,59,A,True,21.61891360558812,61.66,59,59
T1122,Automatic_MMseqs2,60,H,True,23.5461785747976,60.62,60,60
T1122,Automatic_MMseqs2,61,N,True,20.91718207709756,61.22,61,61
T1122,Automatic_MMseqs2,62,Q,True,21.99210785082355,61.22,62,62
T1122,Automatic_MMseqs2,63,D,True,21.21521847018313,59.66,63,63
T1122,Automatic_MMseqs2,64,E,True,16.221815944890167,63.12,64,64
T1122,Automatic_MMseqs2,65,A,True,14.57922241175699,63.47,65,65
T1122,Automatic_MMseqs2,66,I,True,16.509593465616437,65.69,66,66
T1122,Automatic_MMseqs2,67,L,True,12.220600833939354,64.75,67,67
T1122,Automatic_MMseqs2,68,L,True,8.598485409069163,69.44,68,68
T1122,Automatic_MMseqs2,69,I,True,12.432871043789326,70.31,69,69
T1122,Automatic_MMseqs2,70,R,True,12.620462216105995,67.69,70,70
T1122,Automatic_MMseqs2,71,L,True,7.907120564086713,73.25,71,71
T1122,Automatic_MMseqs2,72,Y,True,10.394338572328149,71.38,72,72
T1122,Automatic_MMseqs2,73,E,True,15.398706369447773,72.62,73,73
T1122,Automatic_MMseqs2,74,L,True,13.398388824197827,73.5,74,74
T1122,Automatic_MMseqs2,75,G,True,13.131513361646613,66.38,75,75
T1122,Automatic_MMseqs2,76,L,True,18.04013016209326,66.62,76,76
T1122,Automatic_MMseqs2,77,L,True,20.882747821598237,67.5,77,77
T1122,Automatic_MMseqs2,78,L,True,19.51606769486343,67.5,78,78
T1122,Automatic_MMseqs2,79,Q,True,21.94427671079761,66.25,79,79
T1122,Automatic_MMseqs2,80,G,True,26.687490227001376,61.69,80,80
T1122,Automatic_MMseqs2,81,R,True,25.652935922356654,57.28,81,81
T1122,Automatic_MMseqs2,82,S,True,29.893451541731416,56.97,82,82
T1122,Automatic_MMseqs2,83,D,True,29.27374937437736,56.53,83,83
T1122,Automatic_MMseqs2,84,S,True,26.983617011172942,56.12,84,84
T1122,Automatic_MMseqs2,85,F,True,26.089749380002015,59.5,85,85
T1122,Automatic_MMseqs2,86,L,True,32.75740939362482,53.59,86,86
T1122,Automatic_MMseqs2,87,E,True,30.608846632095023,53.66,87,87
T1122,Automatic_MMseqs2,88,F,True,24.836420244485392,56.84,88,88
T1122,Automatic_MMseqs2,89,Y,True,28.877587667484455,52.25,89,89
T1122,Automatic_MMseqs2,90,N,True,33.02313450234667,51.97,90,90
T1122,Automatic_MMseqs2,91,N,True,30.155917865722678,46.91,91,91
T1122,Automatic_MMseqs2,92,T,True,29.392863913927393,44.72,92,92
T1122,Automatic_MMseqs2,93,T,True,34.06338030448328,35.59,93,93
T1122,Automatic_MMseqs2,94,Y,True,33.1377592408541,31.69,94,94
T1122,Automatic_MMseqs2,95,I,True,33.21242661071277,32.09,95,95
T1122,Automatic_MMseqs2,96,T,True,34.879308435993806,28.98,96,96
T1122,Automatic_MMseqs2,97,R,True,30.90122284694774,32.88,97,97
T1122,Automatic_MMseqs2,98,T,True,27.798406351207717,33.19,98,98
T1122,Automatic_MMseqs2,99,D,True,22.847062008706136,32.38,99,99
T1122,Automatic_MMseqs2,100,S,True,23.904319630525155,34.94,100,100
T1122,Automatic_MMseqs2,101,K,True,19.328102823254053,37.94,101,101
T1122,Automatic_MMseqs2,102,Q,True,13.859439966050315,40.62,102,102
T1122,Automatic_MMseqs2,103,P,True,12.612550056711765,41.38,103,103
T1122,Automatic_MMseqs2,104,F,True,10.575275113128564,41.72,104,104
T1122,Automatic_MMseqs2,105,L,True,8.227007382307564,35.34,105,105
T1122,Automatic_MMseqs2,106,N,True,9.192517245853292,38.06,106,106
T1122,Automatic_MMseqs2,107,K,True,7.361243977185312,36.47,107,107
T1122,Automatic_MMseqs2,108,Y,True,10.852143976563982,32.47,108,108
T1122,Automatic_MMseqs2,109,G,True,8.890806597171846,31.09,109,109
T1122,Automatic_MMseqs2,110,K,True,6.471779524230878,31.58,110,110
T1122,Automatic_MMseqs2,111,L,True,8.110822355154996,34.81,111,111
T1122,Automatic_MMseqs2,112,V,True,8.912841297858137,39.53,112,112
T1122,Automatic_MMseqs2,113,D,True,7.366158575786471,38.25,113,113
T1122,Automatic_MMseqs2,114,T,True,5.088907620607168,41.91,114,114
T1122,Automatic_MMseqs2,115,T,True,6.9876940555238205,41.59,115,115
T1122,Automatic_MMseqs2,116,S,True,4.906451237770578,44.03,116,116
T1122,Automatic_MMseqs2,117,V,True,6.639804530160119,46.03,117,117
T1122,Automatic_MMseqs2,118,T,True,8.259046246798786,51.75,118,118
T1122,Automatic_MMseqs2,119,C,True,10.150079196812316,56.16,119,119
T1122,Automatic_MMseqs2,120,L,True,5.263492066395438,58.75,120,120
T1122,Automatic_MMseqs2,121,D,True,5.908675213185494,55.5,121,121
T1122,Automatic_MMseqs2,122,I,True,10.057775489875276,60.88,122,122
T1122,Automatic_MMseqs2,123,F,True,7.542609278638406,63.09,123,123
T1122,Automatic_MMseqs2,124,L,True,3.6533529153491227,65.38,124,124
T1122,Automatic_MMseqs2,125,S,True,8.929325716623095,61.41,125,125
T1122,Automatic_MMseqs2,126,V,True,10.108039967867022,64.06,126,126
T1122,Automatic_MMseqs2,127,V,True,5.090609280401184,67.44,127,127
T1122,Automatic_MMseqs2,128,L,True,7.267097649574243,63.94,128,128
T1122,Automatic_MMseqs2,129,F,True,11.427878276392544,65.81,129,129
T1122,Automatic_MMseqs2,130,A,True,8.571743126369567,68.31,130,130
T1122,Automatic_MMseqs2,131,L,True,6.31451827118372,67.12,131,131
T1122,Automatic_MMseqs2,132,N,True,12.175048844722081,62.12,132,132
T1122,Automatic_MMseqs2,133,Q,True,12.728413087575243,67.06,133,133
T1122,Automatic_MMseqs2,134,I,True,8.443790629553488,65.94,134,134
T1122,Automatic_MMseqs2,135,D,True,11.90918440651391,57.47,135,135
T1122,Automatic_MMseqs2,136,S,True,16.858396184249898,60.5,136,136
T1122,Automatic_MMseqs2,137,L,True,14.797018384140724,64.0,137,137
T1122,Automatic_MMseqs2,138,I,True,11.75547748077401,60.53,138,138
T1122,Automatic_MMseqs2,139,C,True,17.628513241946322,57.72,139,139
T1122,Automatic_MMseqs2,140,D,True,20.663175694510446,56.56,140,140
T1122,Automatic_MMseqs2,141,F,True,16.7046717814597,60.09,141,141
T1122,Automatic_MMseqs2,142,K,True,16.566693202380527,56.41,142,142
T1122,Automatic_MMseqs2,143,N,True,23.58125704448723,55.62,143,143
T1122,Automatic_MMseqs2,144,T,True,25.704153960976846,54.72,144,144
T1122,Automatic_MMseqs2,145,P,True,23.39110528990858,56.5,145,145
T1122,Automatic_MMseqs2,146,W,True,24.97689411263262,57.47,146,146
T1122,Automatic_MMseqs2,147,I,True,26.11409486373161,57.47,147,147
T1122,Automatic_MMseqs2,148,N,True,29.446096482750285,61.12,148,148
T1122,Automatic_MMseqs2,149,L,True,27.89142466176806,60.53,149,149
T1122,Automatic_MMseqs2,150,S,True,33.11459458989638,67.88,150,150
T1122,Automatic_MMseqs2,151,K,True,34.52949009360158,66.56,151,151
T1122,Automatic_MMseqs2,152,E,True,30.641306042093262,63.34,152,152
T1122,Automatic_MMseqs2,153,H,True,24.662679806936755,63.47,153,153
T1122,Automatic_MMseqs2,154,K,True,24.96743729959325,64.31,154,154
T1122,Automatic_MMseqs2,155,K,True,25.368752181601973,64.38,155,155
T1122,Automatic_MMseqs2,156,I,True,18.869013068502586,68.5,156,156
T1122,Automatic_MMseqs2,157,Y,True,15.822986633410114,66.19,157,157
T1122,Automatic_MMseqs2,158,E,True,19.042304397648927,67.88,158,158
T1122,Automatic_MMseqs2,159,L,True,17.355962559200048,69.0,159,159
T1122,Automatic_MMseqs2,160,V,True,10.152171640065998,67.0,160,160
T1122,Automatic_MMseqs2,161,R,True,12.107629212255029,63.22,161,161
T1122,Automatic_MMseqs2,162,G,True,17.43366020905448,63.09,162,162
T1122,Automatic_MMseqs2,163,I,True,13.16293464040693,65.12,163,163
T1122,Automatic_MMseqs2,164,F,True,11.127683219763844,62.12,164,164
T1122,Automatic_MMseqs2,165,G,True,16.02289762044716,58.97,165,165
T1122,Automatic_MMseqs2,166,I,True,20.908335276136917,60.75,166,166
T1122,Automatic_MMseqs2,167,C,True,22.93478205676136,53.62,167,167
T1122,Automatic_MMseqs2,168,Y,True,26.80618557851762,48.66,168,168
T1122,Automatic_MMseqs2,169,G,True,32.1895170362197,45.72,169,169
T1122,Automatic_MMseqs2,170,E,True,28.839253841411022,41.69,170,170
T1122,Automatic_MMseqs2,171,K,False,,38.72,171,
T1122,Automatic_MMseqs2,172,D,False,,36.03,172,
T1122,Automatic_MMseqs2,173,Y,False,,36.53,173,
T1122,Automatic_MMseqs2,174,N,False,,36.97,174,
T1122,Automatic_MMseqs2,175,R,True,23.881361051237025,33.62,175,175
T1122,Automatic_MMseqs2,176,F,True,19.307366413647635,33.53,176,176
T1122,Automatic_MMseqs2,177,E,True,16.43981878553454,31.98,177,177
T1122,Automatic_MMseqs2,178,Y,True,17.21907362014333,36.53,178,178
T1122,Automatic_MMseqs2,179,C,True,16.688214346704584,27.78,179,179
T1122,Automatic_MMseqs2,180,P,True,16.872197305020155,26.3,180,180
T1122,Automatic_MMseqs2,181,F,True,16.727782267738014,28.78,181,181
T1122,Automatic_MMseqs2,182,D,True,14.199337724474233,25.83,182,182
T1122,Automatic_MMseqs2,183,A,True,10.789825461441547,32.06,183,183
T1122,Automatic_MMseqs2,184,N,True,10.315730918697923,30.77,184,184
T1122,Automatic_MMseqs2,185,S,True,7.578107839269567,27.56,185,185
T1122,Automatic_MMseqs2,186,T,True,3.423216922318099,29.05,186,186
T1122,Automatic_MMseqs2,187,A,True,4.118536966393547,29.89,187,187
T1122,Automatic_MMseqs2,188,S,True,3.970483547441264,31.64,188,188
T1122,Automatic_MMseqs2,189,A,True,6.5588958321191475,26.52,189,189
T1122,Automatic_MMseqs2,190,L,True,5.88166609295411,29.8,190,190
T1122,Automatic_MMseqs2,191,N,True,5.294360578454839,29.22,191,191
T1122,Automatic_MMseqs2,192,V,True,8.019714826414727,27.44,192,192
T1122,Automatic_MMseqs2,193,N,True,8.511496967605819,29.28,193,193
T1122,Automatic_MMseqs2,194,A,True,5.076240605587699,33.09,194,194
T1122,Automatic_MMseqs2,195,T,True,5.141583757796196,29.81,195,195
T1122,Automatic_MMseqs2,196,L,True,9.536913432998755,30.95,196,196
T1122,Automatic_MMseqs2,197,N,True,8.493472471836633,40.44,197,197
T1122,Automatic_MMseqs2,198,A,True,4.086935876734514,36.12,198,198
T1122,Automatic_MMseqs2,199,K,True,8.314236518433969,36.56,199,199
T1122,Automatic_MMseqs2,200,K,True,10.688117730522466,42.31,200,200
T1122,Automatic_MMseqs2,201,T,True,6.758144716051416,45.41,201,201
T1122,Automatic_MMseqs2,202,I,True,6.484550655837067,47.75,202,202
T1122,Automatic_MMseqs2,203,E,True,11.457767258759556,47.62,203,203
T1122,Automatic_MMseqs2,204,L,True,10.691560765110761,51.88,204,204
T1122,Automatic_MMseqs2,205,I,True,6.109069732839,54.91,205,205
T1122,Automatic_MMseqs2,206,T,True,10.04132596369639,54.75,206,206
T1122,Automatic_MMseqs2,207,C,True,13.100221498982071,55.38,207,207
T1122,Automatic_MMseqs2,208,G,True,9.621008586791618,58.69,208,208
T1122,Automatic_MMseqs2,209,L,True,7.80500814140644,60.75,209,209
T1122,Automatic_MMseqs2,210,I,True,13.301187994471602,61.31,210,210
T1122,Automatic_MMseqs2,211,R,True,13.793040166522475,61.75,211,211
T1122,Automatic_MMseqs2,212,A,True,8.80542003100841,64.0,212,212
T1122,Automatic_MMseqs2,213,L,True,10.718915061101406,63.44,213,213
T1122,Automatic_MMseqs2,214,I,True,14.916730985265168,64.25,214,214
T1122,Automatic_MMseqs2,215,A,True,12.31972875894656,64.12,215,215
T1122,Automatic_MMseqs2,216,Y,True,8.55001176622579,65.81,216,216
T1122,Automatic_MMseqs2,217,A,True,12.863823070659048,62.59,217,217
T1122,Automatic_MMseqs2,218,N,True,14.489273378104714,64.06,218,218
T1122,Automatic_MMseqs2,219,L,True,10.64845050145794,64.38,219,219
T1122,Automatic_MMseqs2,220,V,True,9.436716724480604,62.97,220,220
T1122,Automatic_MMseqs2,221,T,True,13.799001757659518,62.69,221,221
T1122,Automatic_MMseqs2,222,A,True,13.417210772052101,60.81,222,222
T1122,Automatic_MMseqs2,223,F,True,9.249934989638186,56.94,223,223
T1122,Automatic_MMseqs2,224,S,True,11.20059528862734,51.0,224,224
T1122,Automatic_MMseqs2,225,A,True,17.36369618617727,49.06,225,225
T1122,Automatic_MMseqs2,226,D,True,17.750174209659857,46.31,226,226
T1122,Automatic_MMseqs2,227,K,True,14.10526301146304,45.84,227,227
T1122,Automatic_MMseqs2,228,T,True,18.4992158055721,41.16,228,228
T1122,Automatic_MMseqs2,229,A,True,24.17062184792192,37.84,229,229
T1122,Automatic_MMseqs2,230,L,True,21.529879356612874,42.38,230,230
T1122,Automatic_MMseqs2,231,L,True,21.872166584830737,42.72,231,231
T1122,Automatic_MMseqs2,232,H,True,28.297196591568706,37.94,232,232
T1122,Automatic_MMseqs2,233,E,True,31.021906609952694,37.62,233,233
T1122,Automatic_MMseqs2,234,I,True,29.59273161639438,41.09,234,234
T1122,Automatic_MMseqs2,235,L,True,33.12587314958395,36.88,235,235
T1122,Automatic_MMseqs2,236,L,True,38.769193137305855,31.67,236,236
T1122,Automatic_MMseqs2,237,T,True,38.744946836521066,35.09,237,237
T1122,Automatic_MMseqs2,238,K,False,,35.59,238,
T1122,Automatic_MMseqs2,239,V,False,,27.61,239,
T1122,Automatic_MMseqs2,240,C,False,,25.33,240,
T1122,Automatic_MMseqs2,241,C,False,,28.39,241,
T1122,Custom_HMMER,1,M,False,,32.03,1,
T1122,Custom_HMMER,2,G,False,,27.84,2,
T1122,Custom_HMMER,3,Y,False,,26.64,3,
T1122,Custom_HMMER,4,L,True,40.43078640159343,24.69,4,4
T1122,Custom_HMMER,5,C,True,34.23826328744115,23.95,5,5
T1122,Custom_HMMER,6,N,True,30.65156175143892,23.88,6,6
T1122,Custom_HMMER,7,D,True,29.627744200042915,26.67,7,7
T1122,Custom_HMMER,8,Y,True,29.317973754993794,28.48,8,8
T1122,Custom_HMMER,9,G,True,30.35861419883034,25.58,9,9
T1122,Custom_HMMER,10,Y,True,31.38729289741526,25.45,10,10
T1122,Custom_HMMER,11,E,True,27.863404581816663,25.56,11,11
T1122,Custom_HMMER,12,P,True,33.73145368441373,28.17,12,12
T1122,Custom_HMMER,13,N,True,32.776670712385396,29.56,13,13
T1122,Custom_HMMER,14,V,True,29.88222675514773,28.09,14,14
T1122,Custom_HMMER,15,D,True,36.297884477893405,28.81,15,15
T1122,Custom_HMMER,16,Y,True,36.65729768817212,25.66,16,16
T1122,Custom_HMMER,17,P,True,37.691879548133,25.66,17,17
T1122,Custom_HMMER,18,N,True,42.69297215996684,32.12,18,18
T1122,Custom_HMMER,19,A,True,42.89817151508356,26.06,19,19
T1122,Custom_HMMER,20,S,True,42.874945533384796,31.88,20,20
T1122,Custom_HMMER,21,H,True,42.128644624380364,26.44,21,21
T1122,Custom_HMMER,22,A,True,48.639337879917136,25.48,22,22
T1122,Custom_HMMER,23,G,True,46.95902772269321,23.7,23,23
T1122,Custom_HMMER,24,L,True,46.948336461204626,27.73,24,24
T1122,Custom_HMMER,25,Y,True,44.529146890126206,24.33,25,25
T1122,Custom_HMMER,26,D,True,46.213995060934586,27.89,26,26
T1122,Custom_HMMER,27,R,True,43.625772431662774,34.09,27,27
T1122,Custom_HMMER,28,S,True,45.55414868618521,35.94,28,28
T1122,Custom_HMMER,29,K,True,45.715882984802995,27.3,29,29
T1122,Custom_HMMER,30,Q,True,44.419922687824645,23.02,30,30
T1122,Custom_HMMER,31,P,True,47.28702317356127,24.23,31,31
T1122,Custom_HMMER,32,Y,True,43.84134743090441,26.39,32,32
T1122,Custom_HMMER,33,V,True,40.993308102007845,22.28,33,33
T1122,Custom_HMMER,34,D,True,37.19374722872342,23.33,34,34
T1122,Custom_HMMER,35,T,True,35.88341935586767,31.91,35,35
T1122,Custom_HMMER,36,A,True,35.88660487986797,26.23,36,36
T1122,Custom_HMMER,37,I,True,29.871296384987115,27.83,37,37
T1122,Custom_HMMER,38,G,True,28.766597672772928,26.22,38,38
T1122,Custom_HMMER,39,P,True,25.32645080972618,25.53,39,39
T1122,Custom_HMMER,40,K,True,22.89700301888583,28.14,40,40
T1122,Custom_HMMER,41,T,True,19.979160245071316,23.98,41,41
T1122,Custom_HMMER,42,T,True,15.150069938493711,23.16,42,42
T1122,Custom_HMMER,43,I,True,8.357012609583517,23.3,43,43
T1122,Custom_HMMER,44,Q,True,5.271894105290124,20.45,44,44
T1122,Custom_HMMER,45,F,True,3.0041924244998808,24.58,45,45
T1122,Custom_HMMER,46,D,True,4.995195299923483,22.83,46,46
T1122,Custom_HMMER,47,H,True,5.141313118384196,30.33,47,47
T1122,Custom_HMMER,48,V,True,11.321103683314934,28.0,48,48
T1122,Custom_HMMER,49,F,True,12.95499928711076,32.12,49,49
T1122,Custom_HMMER,50,I,True,18.962908569594017,32.59,50,50
T1122,Custom_HMMER,51,K,True,21.420660211849704,36.75,51,51
T1122,Custom_HMMER,52,S,True,22.691117414962633,43.22,52,52
T1122,Custom_HMMER,53,D,True,22.033637279317325,48.06,53,53
T1122,Custom_HMMER,54,F,True,18.60080988183072,48.81,54,54
T1122,Custom_HMMER,55,K,True,18.74423501390412,51.47,55,55
T1122,Custom_HMMER,56,T,True,20.82496958667841,53.31,56,56
T1122,Custom_HMMER,57,W,True,18.524198112746102,59.25,57,57
T1122,Custom_HMMER,58,L,True,15.431672874533023,54.75,58,58
T1122,Custom_HMMER,59,A,True,17.46660667608243,60.03,59,59
T1122,Custom_HMMER,60,H,True,18.19873595422003,58.78,60,60
T1122,Custom_HMMER,61,N,True,14.894574507580012,64.12,61,61
T1122,Custom_HMMER,62,Q,True,12.316214159357854,62.81,62,62
T1122,Custom_HMMER,63,D,True,9.6471574883825,59.78,63,63
T1122,Custom_HMMER,64,E,True,10.855058605239924,62.91,64,64
T1122,Custom_HMMER,65,A,True,10.305865542280024,63.19,65,65
T1122,Custom_HMMER,66,I,True,7.139325767990444,64.88,66,66
T1122,Custom_HMMER,67,L,True,6.893146139434764,65.19,67,67
T1122,Custom_HMMER,68,L,True,7.834413763661889,67.19,68,68
T1122,Custom_HMMER,69,I,True,5.101271780834292,67.75,69,69
T1122,Custom_HMMER,70,R,True,3.12833379809289,65.88,70,70
T1122,Custom_HMMER,71,L,True,5.505214669494364,71.19,71,71
T1122,Custom_HMMER,72,Y,True,4.042673439005162,68.75,72,72
T1122,Custom_HMMER,73,E,True,2.379239915266059,69.94,73,73
T1122,Custom_HMMER,74,L,True,4.9632391370775775,72.19,74,74
T1122,Custom_HMMER,75,G,True,5.8955156908693995,70.25,75,75
T1122,Custom_HMMER,76,L,True,4.731746471634703,67.81,76,76
T1122,Custom_HMMER,77,L,True,6.576676819312259,68.0,77,77
T1122,Custom_HMMER,78,L,True,8.605464414021037,72.31,78,78
T1122,Custom_HMMER,79,Q,True,8.068308015287975,70.75,79,79
T1122,Custom_HMMER,80,G,True,8.846960765394225,65.25,80,80
T1122,Custom_HMMER,81,R,True,6.525896624479447,57.31,81,81
T1122,Custom_HMMER,82,S,True,7.645840100577625,53.47,82,82
T1122,Custom_HMMER,83,D,True,8.001334991089868,44.03,83,83
T1122,Custom_HMMER,84,S,True,5.2361234302819115,45.22,84,84
T1122,Custom_HMMER,85,F,True,4.433694834284757,37.75,85,85
T1122,Custom_HMMER,86,L,True,6.400459729397069,35.69,86,86
T1122,Custom_HMMER,87,E,True,7.39602415483424,37.28,87,87
T1122,Custom_HMMER,88,F,True,5.159473487841959,37.03,88,88
T1122,Custom_HMMER,89,Y,True,8.630496805385809,29.2,89,89
T1122,Custom_HMMER,90,N,True,11.600095219013843,37.44,90,90
T1122,Custom_HMMER,91,N,True,12.18506713527247,35.41,91,91
T1122,Custom_HMMER,92,T,True,11.407168418987125,34.16,92,92
T1122,Custom_HMMER,93,T,True,13.99033668228351,32.44,93,93
T1122,Custom_HMMER,94,Y,True,13.243043574762398,30.81,94,94
T1122,Custom_HMMER,95,I,True,9.580725196814024,33.91,95,95
T1122,Custom_HMMER,96,T,True,8.282205025625238,32.78,96,96
T1122,Custom_HMMER,97,R,True,3.9407835044245862,34.56,97,97
T1122,Custom_HMMER,98,T,True,5.29400761895992,34.69,98,98
T1122,Custom_HMMER,99,D,True,10.220226757682587,34.53,99,99
T1122,Custom_HMMER,100,S,True,13.187642794613282,41.81,100,100
T1122,Custom_HMMER,101,K,True,13.285849288975989,39.12,101,101
T1122,Custom_HMMER,102,Q,True,12.35944478598164,41.28,102,102
T1122,Custom_HMMER,103,P,True,10.282252726381182,40.44,103,103
T1122,Custom_HMMER,104,F,True,10.306252013064746,40.47,104,104
T1122,Custom_HMMER,105,L,True,11.849690146419539,39.84,105,105
T1122,Custom_HMMER,106,N,True,11.662248513196946,44.34,106,106
T1122,Custom_HMMER,107,K,True,10.882011818392343,45.31,107,107
T1122,Custom_HMMER,108,Y,True,11.182136084150773,44.72,108,108
T1122,Custom_HMMER,109,G,True,11.306997942139635,41.94,109,109
T1122,Custom_HMMER,110,K,True,11.486469539940478,41.53,110,110
T1122,Custom_HMMER,111,L,True,11.397971765270503,42.84,111,111
T1122,Custom_HMMER,112,V,True,12.284410873431796,41.34,112,112
T1122,Custom_HMMER,113,D,True,12.773117136157735,37.81,113,113
T1122,Custom_HMMER,114,T,True,12.119602450917654,38.81,114,114
T1122,Custom_HMMER,115,T,True,12.801175193728955,37.41,115,115
T1122,Custom_HMMER,116,S,True,9.797667949078942,41.28,116,116
T1122,Custom_HMMER,117,V,True,10.090571680092141,45.12,117,117
T1122,Custom_HMMER,118,T,True,6.501505107894961,44.94,118,118
T1122,Custom_HMMER,119,C,True,5.369719623800764,47.41,119,119
T1122,Custom_HMMER,120,L,True,7.342429103553324,53.88,120,120
T1122,Custom_HMMER,121,D,True,7.797162109403907,52.59,121,121
T1122,Custom_HMMER,122,I,True,5.254437122996269,60.16,122,122
T1122,Custom_HMMER,123,F,True,5.402121206139476,61.0,123,123
T1122,Custom_HMMER,124,L,True,8.083870160724814,65.94,124,124
T1122,Custom_HMMER,125,S,True,8.039062559125751,62.19,125,125
T1122,Custom_HMMER,126,V,True,6.325058578920789,63.88,126,126
T1122,Custom_HMMER,127,V,True,7.1471079673145566,69.0,127,127
T1122,Custom_HMMER,128,L,True,9.804232401403231,67.81,128,128
T1122,Custom_HMMER,129,F,True,9.411548702223069,70.81,129,129
T1122,Custom_HMMER,130,A,True,8.188116273384429,73.44,130,130
T1122,Custom_HMMER,131,L,True,10.004361464909424,68.81,131,131
T1122,Custom_HMMER,132,N,True,11.906964052729824,67.81,132,132
T1122,Custom_HMMER,133,Q,True,11.14662759933577,67.88,133,133
T1122,Custom_HMMER,134,I,True,10.412844660542607,69.88,134,134
T1122,Custom_HMMER,135,D,True,11.138496564325784,59.47,135,135
T1122,Custom_HMMER,136,S,True,11.557512548501137,61.81,136,136
T1122,Custom_HMMER,137,L,True,10.532129142696563,66.5,137,137
T1122,Custom_HMMER,138,I,True,10.45162074176343,64.25,138,138
T1122,Custom_HMMER,139,C,True,11.139520794965238,58.81,139,139
T1122,Custom_HMMER,140,D,True,10.90768000492483,60.78,140,140
T1122,Custom_HMMER,141,F,True,10.263837268448569,63.16,141,141
T1122,Custom_HMMER,142,K,True,10.430050734637796,59.25,142,142
T1122,Custom_HMMER,143,N,True,10.110001086146173,60.78,143,143
T1122,Custom_HMMER,144,T,True,10.750182546431738,58.53,144,144
T1122,Custom_HMMER,145,P,True,10.136730336265265,58.09,145,145
T1122,Custom_HMMER,146,W,True,13.06140274727355,61.97,146,146
T1122,Custom_HMMER,147,I,True,6.698190639914469,67.31,147,147
T1122,Custom_HMMER,148,N,True,6.180854186806876,71.94,148,148
T1122,Custom_HMMER,149,L,True,6.594188302910314,66.81,149,149
T1122,Custom_HMMER,150,S,True,6.411954386772844,75.62,150,150
T1122,Custom_HMMER,151,K,True,7.534306947082856,70.88,151,151
T1122,Custom_HMMER,152,E,True,6.754266984992741,65.44,152,152
T1122,Custom_HMMER,153,H,True,6.486948518449936,67.25,153,153
T1122,Custom_HMMER,154,K,True,7.7703094832841115,67.06,154,154
T1122,Custom_HMMER,155,K,True,7.888037849179133,65.25,155,155
T1122,Custom_HMMER,156,I,True,7.3108345577429805,73.88,156,156
T1122,Custom_HMMER,157,Y,True,7.606118740458007,70.12,157,157
T1122,Custom_HMMER,158,E,True,8.004969870343986,66.75,158,158
T1122,Custom_HMMER,159,L,True,8.016668458040463,69.5,159,159
T1122,Custom_HMMER,160,V,True,7.58720760435668,71.88,160,160
T1122,Custom_HMMER,161,R,True,8.024710738211182,68.38,161,161
T1122,Custom_HMMER,162,G,True,7.965222024797017,64.38,162,162
T1122,Custom_HMMER,163,I,True,7.845488663113445,68.69,163,163
T1122,Custom_HMMER,164,F,True,8.163366766960321,66.06,164,164
T1122,Custom_HMMER,165,G,True,10.557285050225477,62.16,165,165
T1122,Custom_HMMER,166,I,True,16.474384570364588,62.5,166,166
T1122,Custom_HMMER,167,C,True,16.41658084263952,60.0,167,167
T1122,Custom_HMMER,168,Y,True,18.35800097903637,58.44,168,168
T1122,Custom_HMMER,169,G,True,16.206275920980254,50.47,169,169
T1122,Custom_HMMER,170,E,True,8.955731044975783,47.41,170,170
T1122,Custom_HMMER,171,K,False,,41.91,171,
T1122,Custom_HMMER,172,D,False,,41.81,172,
T1122,Custom_HMMER,173,Y,False,,37.53,173,
T1122,Custom_HMMER,174,N,False,,40.06,174,
T1122,Custom_HMMER,175,R,True,15.834406253229645,40.53,175,175
T1122,Custom_HMMER,176,F,True,17.256220106904095,37.81,176,176
T1122,Custom_HMMER,177,E,True,14.775552904997854,36.5,177,177
T1122,Custom_HMMER,178,Y,True,17.61141797496602,32.28,178,178
T1122,Custom_HMMER,179,C,True,22.436743049324996,32.66,179,179
T1122,Custom_HMMER,180,P,True,21.842729967063402,29.03,180,180
T1122,Custom_HMMER,181,F,True,24.775861134585384,31.53,181,181
T1122,Custom_HMMER,182,D,True,21.671080547618676,29.52,182,182
T1122,Custom_HMMER,183,A,True,22.420309155200503,35.53,183,183
T1122,Custom_HMMER,184,N,True,20.994235216615063,36.47,184,184
T1122,Custom_HMMER,185,S,True,18.97179745923895,34.0,185,185
T1122,Custom_HMMER,186,T,True,21.183184543527453,36.62,186,186
T1122,Custom_HMMER,187,A,True,25.67462566260381,36.53,187,187
T1122,Custom_HMMER,188,S,True,24.477309879529326,41.91,188,188
T1122,Custom_HMMER,189,A,True,20.562369950338457,32.12,189,189
T1122,Custom_HMMER,190,L,True,22.554952077216374,32.81,190,190
T1122,Custom_HMMER,191,N,True,26.623321200002234,34.62,191,191
T1122,Custom_HMMER,192,V,True,24.87044156818004,29.41,192,192
T1122,Custom_HMMER,193,N,True,20.392544576317995,32.62,193,193
T1122,Custom_HMMER,194,A,True,21.515326381329995,37.44,194,194
T1122,Custom_HMMER,195,T,True,23.116885318036285,33.91,195,195
T1122,Custom_HMMER,196,L,True,20.804626100862144,30.17,196,196
T1122,Custom_HMMER,197,N,True,18.002803537409807,36.53,197,197
T1122,Custom_HMMER,198,A,True,19.593988022256625,39.28,198,198
T1122,Custom_HMMER,199,K,True,20.550976602433693,38.16,199,199
T1122,Custom_HMMER,200,K,True,17.16961953749761,38.75,200,200
T1122,Custom_HMMER,201,T,True,15.222696088452823,39.12,201,201
T1122,Custom_HMMER,202,I,True,17.29723789778211,45.34,202,202
T1122,Custom_HMMER,203,E,True,17.1475190320411,44.75,203,203
T1122,Custom_HMMER,204,L,True,13.077327259899956,45.03,204,204
T1122,Custom_HMMER,205,I,True,12.885028081926777,50.78,205,205
T1122,Custom_HMMER,206,T,True,15.847877189852497,51.22,206,206
T1122,Custom_HMMER,207,C,True,14.5613387620759,46.81,207,207
T1122,Custom_HMMER,208,G,True,11.032743645374497,54.81,208,208
T1122,Custom_HMMER,209,L,True,12.557519768662974,56.5,209,209
T1122,Custom_HMMER,210,I,True,15.272183455832186,59.06,210,210
T1122,Custom_HMMER,211,R,True,13.428026398398753,58.94,211,211
T1122,Custom_HMMER,212,A,True,11.296871230734164,62.06,212,212
T1122,Custom_HMMER,213,L,True,14.43918513910617,60.34,213,213
T1122,Custom_HMMER,214,I,True,16.38680607543473,62.28,214,214
T1122,Custom_HMMER,215,A,True,14.042661806660819,62.22,215,215
T1122,Custom_HMMER,216,Y,True,13.503433929318144,60.72,216,216
T1122,Custom_HMMER,217,A,True,17.477912671261947,62.38,217,217
T1122,Custom_HMMER,218,N,True,18.219931190686165,60.0,218,218
T1122,Custom_HMMER,219,L,True,15.44666495305271,58.5,219,219
T1122,Custom_HMMER,220,V,True,16.187970593674095,58.81,220,220
T1122,Custom_HMMER,221,T,True,20.098423187902426,57.41,221,221
T1122,Custom_HMMER,222,A,True,19.548123708137723,57.84,222,222
T1122,Custom_HMMER,223,F,True,17.645679622613557,53.12,223,223
T1122,Custom_HMMER,224,S,True,19.30582760605044,47.62,224,224
T1122,Custom_HMMER,225,A,True,20.520236683119546,46.19,225,225
T1122,Custom_HMMER,226,D,True,14.59875345434333,41.59,226,226
T1122,Custom_HMMER,227,K,True,13.704505576857567,45.91,227,227
T1122,Custom_HMMER,228,T,True,16.66271718552303,42.25,228,228
T1122,Custom_HMMER,229,A,True,10.6291186236263,40.59,229,229
T1122,Custom_HMMER,230,L,True,9.530896799565273,39.59,230,230
T1122,Custom_HMMER,231,L,True,16.084965081368463,39.41,231,231
T1122,Custom_HMMER,232,H,True,17.08505288327804,33.5,232,232
T1122,Custom_HMMER,233,E,True,14.520586738906056,34.34,233,233
T1122,Custom_HMMER,234,I,True,18.46042639442702,39.5,234,234
T1122,Custom_HMMER,235,L,True,24.338742126055408,35.19,235,235
T1122,Custom_HMMER,236,L,True,24.94203934696452,30.12,236,236
T1122,Custom_HMMER,237,T,True,24.994986720836597,31.2,237,237
T1122,Custom_HMMER,238,K,False,,35.25,238,
T1122,Custom_HMMER,239,V,False,,27.61,239,
T1122,Custom_HMMER,240,C,False,,25.39,240,
T1122,Custom_HMMER,241,C,False,,27.64,241,
