target_position,target_residue,in_frozen_mask,reference_chain,reference_residue_id,reference_resname,reference_altloc,Automatic_MMseqs2_chain,Automatic_MMseqs2_residue_id,Automatic_MMseqs2_resname,Automatic_MMseqs2_altloc,Custom_HMMER_chain,Custom_HMMER_residue_id,Custom_HMMER_resname,Custom_HMMER_altloc
1,M,False,,,,,A,1,MET,,A,1,MET,
2,S,False,,,,,A,2,SER,,A,2,SER,
3,R,False,,,,,A,3,ARG,,A,3,ARG,
4,I,False,,,,,A,4,ILE,,A,4,ILE,
5,I,False,,,,,A,5,ILE,,A,5,ILE,
6,T,False,,,,,A,6,THR,,A,6,THR,
7,A,False,,,,,A,7,ALA,,A,7,ALA,
8,P,False,,,,,A,8,PRO,,A,8,PRO,
9,H,False,,,,,A,9,HIS,,A,9,HIS,
10,I,False,,,,,A,10,ILE,,A,10,ILE,
11,G,False,,,,,A,11,GLY,,A,11,GLY,
12,I,False,,,,,A,12,ILE,,A,12,ILE,
13,E,False,,,,,A,13,GLU,,A,13,GLU,
14,K,False,,,,,A,14,LYS,,A,14,LYS,
15,L,False,,,,,A,15,LEU,,A,15,LEU,
16,S,False,,,,,A,16,SER,,A,16,SER,
17,A,False,,,,,A,17,ALA,,A,17,ALA,
18,I,False,,,,,A,18,ILE,,A,18,ILE,
19,S,False,,,,,A,19,SER,,A,19,SER,
20,L,False,,,,,A,20,LEU,,A,20,LEU,
21,E,False,,,,,A,21,GLU,,A,21,GLU,
22,E,False,,,,,A,22,GLU,,A,22,GLU,
23,L,False,,,,,A,23,LEU,,A,23,LEU,
24,S,False,,,,,A,24,SER,,A,24,SER,
25,C,False,,,,,A,25,CYS,,A,25,CYS,
26,G,False,,,,,A,26,GLY,,A,26,GLY,
27,L,False,,,,,A,27,LEU,,A,27,LEU,
28,P,False,,,,,A,28,PRO,,A,28,PRO,
29,D,False,,,,,A,29,ASP,,A,29,ASP,
30,R,False,,,,,A,30,ARG,,A,30,ARG,
31,Y,False,,,,,A,31,TYR,,A,31,TYR,
32,A,False,,,,,A,32,ALA,,A,32,ALA,
33,L,False,,,,,A,33,LEU,,A,33,LEU,
34,P,False,,,,,A,34,PRO,,A,34,PRO,
35,P,False,,,,,A,35,PRO,,A,35,PRO,
36,D,False,,,,,A,36,ASP,,A,36,ASP,
37,G,False,,,,,A,37,GLY,,A,37,GLY,
38,H,False,,,,,A,38,HIS,,A,38,HIS,
39,P,False,,,,,A,39,PRO,,A,39,PRO,
40,V,False,,,,,A,40,VAL,,A,40,VAL,
41,E,False,,,,,A,41,GLU,,A,41,GLU,
42,P,False,,,,,A,42,PRO,,A,42,PRO,
43,H,False,,,,,A,43,HIS,,A,43,HIS,
44,L,False,,,,,A,44,LEU,,A,44,LEU,
45,E,False,,,,,A,45,GLU,,A,45,GLU,
46,R,False,,,,,A,46,ARG,,A,46,ARG,
47,L,False,,,,,A,47,LEU,,A,47,LEU,
48,Y,False,,,,,A,48,TYR,,A,48,TYR,
49,P,False,,,,,A,49,PRO,,A,49,PRO,
50,T,True,B,50,THR,,A,50,THR,,A,50,THR,
51,A,True,B,51,ALA,,A,51,ALA,,A,51,ALA,
52,Q,True,B,52,GLN,,A,52,GLN,,A,52,GLN,
53,S,True,B,53,SER,,A,53,SER,,A,53,SER,
54,K,True,B,54,LYS,,A,54,LYS,,A,54,LYS,
55,R,True,B,55,ARG,,A,55,ARG,,A,55,ARG,
56,S,True,B,56,SER,,A,56,SER,,A,56,SER,
57,L,True,B,57,LEU,,A,57,LEU,,A,57,LEU,
58,W,True,B,58,TRP,,A,58,TRP,,A,58,TRP,
59,D,True,B,59,ASP,,A,59,ASP,,A,59,ASP,
60,F,True,B,60,PHE,,A,60,PHE,,A,60,PHE,
61,A,True,B,61,ALA,,A,61,ALA,,A,61,ALA,
62,S,True,B,62,SER,,A,62,SER,,A,62,SER,
63,P,True,B,63,PRO,,A,63,PRO,,A,63,PRO,
64,G,True,B,64,GLY,,A,64,GLY,,A,64,GLY,
65,Y,True,B,65,TYR,,A,65,TYR,,A,65,TYR,
66,T,True,B,66,THR,,A,66,THR,,A,66,THR,
67,F,True,B,67,PHE,,A,67,PHE,,A,67,PHE,
68,H,True,B,68,HIS,,A,68,HIS,,A,68,HIS,
69,G,True,B,69,GLY,,A,69,GLY,,A,69,GLY,
70,L,True,B,70,LEU,,A,70,LEU,,A,70,LEU,
71,H,True,B,71,HIS,,A,71,HIS,,A,71,HIS,
72,R,True,B,72,ARG,,A,72,ARG,,A,72,ARG,
73,A,True,B,73,ALA,,A,73,ALA,,A,73,ALA,
74,Q,True,B,74,GLN,,A,74,GLN,,A,74,GLN,
75,D,True,B,75,ASP,,A,75,ASP,,A,75,ASP,
76,Y,True,B,76,TYR,,A,76,TYR,,A,76,TYR,
77,R,True,B,77,ARG,,A,77,ARG,,A,77,ARG,
78,R,True,B,78,ARG,,A,78,ARG,,A,78,ARG,
79,E,True,B,79,GLU,,A,79,GLU,,A,79,GLU,
80,L,True,B,80,LEU,,A,80,LEU,,A,80,LEU,
81,D,True,B,81,ASP,,A,81,ASP,,A,81,ASP,
82,T,True,B,82,THR,,A,82,THR,,A,82,THR,
83,L,True,B,83,LEU,,A,83,LEU,,A,83,LEU,
84,Q,True,B,84,GLN,,A,84,GLN,,A,84,GLN,
85,S,True,B,85,SER,,A,85,SER,,A,85,SER,
86,L,True,B,86,LEU,,A,86,LEU,,A,86,LEU,
87,L,True,B,87,LEU,,A,87,LEU,,A,87,LEU,
88,T,True,B,88,THR,,A,88,THR,,A,88,THR,
89,T,True,B,89,THR,,A,89,THR,,A,89,THR,
90,S,True,B,90,SER,B,A,90,SER,,A,90,SER,
91,Q,True,B,91,GLN,,A,91,GLN,,A,91,GLN,
92,S,True,B,92,SER,,A,92,SER,,A,92,SER,
93,S,True,B,93,SER,,A,93,SER,,A,93,SER,
94,E,True,B,94,GLU,,A,94,GLU,,A,94,GLU,
95,L,True,B,95,LEU,,A,95,LEU,,A,95,LEU,
96,Q,True,B,96,GLN,,A,96,GLN,,A,96,GLN,
97,A,True,B,97,ALA,,A,97,ALA,,A,97,ALA,
98,A,True,B,98,ALA,,A,98,ALA,,A,98,ALA,
99,A,True,B,99,ALA,,A,99,ALA,,A,99,ALA,
100,A,True,B,100,ALA,,A,100,ALA,,A,100,ALA,
101,L,True,B,101,LEU,,A,101,LEU,,A,101,LEU,
102,L,True,B,102,LEU,,A,102,LEU,,A,102,LEU,
103,K,True,B,103,LYS,,A,103,LYS,,A,103,LYS,
104,C,True,B,104,CYS,,A,104,CYS,,A,104,CYS,
105,Q,True,B,105,GLN,,A,105,GLN,,A,105,GLN,
106,Q,True,B,106,GLN,,A,106,GLN,,A,106,GLN,
107,D,True,B,107,ASP,,A,107,ASP,,A,107,ASP,
108,D,True,B,108,ASP,,A,108,ASP,,A,108,ASP,
109,D,True,B,109,ASP,,A,109,ASP,,A,109,ASP,
110,R,True,B,110,ARG,,A,110,ARG,,A,110,ARG,
111,L,True,B,111,LEU,,A,111,LEU,,A,111,LEU,
112,L,True,B,112,LEU,,A,112,LEU,,A,112,LEU,
113,Q,True,B,113,GLN,,A,113,GLN,,A,113,GLN,
114,I,True,B,114,ILE,,A,114,ILE,,A,114,ILE,
115,I,True,B,115,ILE,,A,115,ILE,,A,115,ILE,
116,L,True,B,116,LEU,,A,116,LEU,,A,116,LEU,
117,N,True,B,117,ASN,,A,117,ASN,,A,117,ASN,
118,L,True,B,118,LEU,,A,118,LEU,,A,118,LEU,
119,L,True,B,119,LEU,,A,119,LEU,,A,119,LEU,
120,H,True,B,120,HIS,,A,120,HIS,,A,120,HIS,
121,K,False,,,,,A,121,LYS,,A,121,LYS,
122,V,False,,,,,A,122,VAL,,A,122,VAL,
